Rebuilding dependencies...
echo "#define GIT_HASH \""2843af57420bb515e8f0b816226ae7f190f3ec42"\" "> git_hash.hh
echo "#define GIT_VERS \""2026-Jul-31-10:19:11"\" "> git_vers.hh
clang++ -DQS_LD  -std=c++11 -g -O0 -include cstdint -Wformat -Wall -c CollisionEvent.cc -o CollisionEvent.o
In file included from CollisionEvent.cc:3:
In file included from ./MC_Particle.hh:9:
In file included from ./Tallies.hh:13:
In file included from ./MonteCarlo.hh:8:
./Parameters.hh:104:6: warning: field 'boundaryCondition' will be initialized after field 'energySpectrum' [-Wreorder-ctor]
  103 |      crossSectionsOut(""),
      |      ~~~~~~~~~~~~~~~~~~~~
      |      energySpectrum("")
  104 |      boundaryCondition("reflect"),
      |      ^~~~~~~~~~~~~~~~~~~~~~~~~~~~
      |      crossSectionsOut("")
  105 |      energySpectrum(""),
      |      ~~~~~~~~~~~~~~~~~~
      |      boundaryCondition("reflect")
./Parameters.hh:171:1: warning: 'Parameters' defined as a struct here but previously declared as a class; this is valid, but may result in linker errors under the Microsoft C++ ABI [-Wmismatched-tags]
  171 | struct Parameters
      | ^
./MC_Domain.hh:14:1: note: did you mean struct here?
   14 | class Parameters;
      | ^~~~~
      | struct
In file included from CollisionEvent.cc:3:
In file included from ./MC_Particle.hh:9:
./Tallies.hh:316:42: warning: field '_num_cellTally_replications' will be initialized after field '_spectrum' [-Wreorder-ctor]
  315 |         _scalarFluxDomain(), _num_balance_replications(balRep), 
      |                              ~~~~~~~~~~~~~~~~~~~~~~~~~~~~~~~~~
      |                              _spectrum(spectrumName, spectrumSize)
  316 |         _num_flux_replications(fluxRep), _num_cellTally_replications(cellRep), 
      |         ~~~~~~~~~~~~~~~~~~~~~~~~~~~~~~~  ^~~~~~~~~~~~~~~~~~~~~~~~~~~~~~~~~~~~
      |         _num_balance_replications(balRep)_num_flux_replications(fluxRep)
  317 |         _spectrum(spectrumName, spectrumSize)
      |         ~~~~~~~~~~~~~~~~~~~~~~~~~~~~~~~~~~~~~
      |         _num_cellTally_replications(cellRep)
In file included from CollisionEvent.cc:3:
In file included from ./MC_Particle.hh:9:
In file included from ./Tallies.hh:7:
./QS_Vector.hh:16:52: warning: field '_memPolicy' will be initialized after field '_isOpen' [-Wreorder-ctor]
   16 |    qs_vector() : _data(0), _capacity(0), _size(0), _memPolicy(MemoryControl::AllocationPolicy::HOST_MEM), _isOpen(0) {};
      |                                                    ^~~~~~~~~~~~~~~~~~~~~~~~~~~~~~~~~~~~~~~~~~~~~~~~~~~~   ~~~~~~~~~
      |                                                    _isOpen(0                                              _memPolicy(MemoryControl::AllocationPolicy::HOST_MEM
./NuclearData.hh:44:4: note: in instantiation of member function 'qs_vector<long double>::qs_vector' requested here
   44 |    NuclearDataReaction(){};
      |    ^
In file included from CollisionEvent.cc:3:
In file included from ./MC_Particle.hh:9:
In file included from ./Tallies.hh:7:
./QS_Vector.hh:19:46: warning: field '_memPolicy' will be initialized after field '_isOpen' [-Wreorder-ctor]
   19 |    : _data(0), _capacity(size), _size(size), _memPolicy(memPolicy), _isOpen(0) 
      |                                              ^~~~~~~~~~~~~~~~~~~~   ~~~~~~~~~
      |                                              _isOpen(0              _memPolicy(memPolicy
./NuclearData.hh:80:6: note: in instantiation of member function 'qs_vector<NuclearDataSpecies>::qs_vector' requested here
   80 |    : _species(1,VAR_MEM){}
      |      ^
In file included from CollisionEvent.cc:3:
In file included from ./MC_Particle.hh:9:
In file included from ./Tallies.hh:7:
./QS_Vector.hh:16:52: warning: field '_memPolicy' will be initialized after field '_isOpen' [-Wreorder-ctor]
   16 |    qs_vector() : _data(0), _capacity(0), _size(0), _memPolicy(MemoryControl::AllocationPolicy::HOST_MEM), _isOpen(0) {};
      |                                                    ^~~~~~~~~~~~~~~~~~~~~~~~~~~~~~~~~~~~~~~~~~~~~~~~~~~~   ~~~~~~~~~
      |                                                    _isOpen(0                                              _memPolicy(MemoryControl::AllocationPolicy::HOST_MEM
./NuclearData.hh:64:7: note: in instantiation of member function 'qs_vector<NuclearDataReaction>::qs_vector' requested here
   64 | class NuclearDataSpecies
      |       ^
./QS_Vector.hh:21:30: note: in instantiation of function template specialization 'MemoryControl::allocate<NuclearDataSpecies>' requested here
   21 |       _data = MemoryControl::allocate<T>(size, memPolicy);
      |                              ^
./NuclearData.hh:80:6: note: in instantiation of member function 'qs_vector<NuclearDataSpecies>::qs_vector' requested here
   80 |    : _species(1,VAR_MEM){}
      |      ^
In file included from CollisionEvent.cc:3:
In file included from ./MC_Particle.hh:9:
In file included from ./Tallies.hh:7:
./QS_Vector.hh:16:52: warning: field '_memPolicy' will be initialized after field '_isOpen' [-Wreorder-ctor]
   16 |    qs_vector() : _data(0), _capacity(0), _size(0), _memPolicy(MemoryControl::AllocationPolicy::HOST_MEM), _isOpen(0) {};
      |                                                    ^~~~~~~~~~~~~~~~~~~~~~~~~~~~~~~~~~~~~~~~~~~~~~~~~~~~   ~~~~~~~~~
      |                                                    _isOpen(0                                              _memPolicy(MemoryControl::AllocationPolicy::HOST_MEM
./MC_Domain.hh:46:4: note: in instantiation of member function 'qs_vector<int>::qs_vector' requested here
   46 |    MC_Mesh_Domain(){};
      |    ^
In file included from CollisionEvent.cc:3:
In file included from ./MC_Particle.hh:9:
In file included from ./Tallies.hh:7:
./QS_Vector.hh:16:52: warning: field '_memPolicy' will be initialized after field '_isOpen' [-Wreorder-ctor]
   16 |    qs_vector() : _data(0), _capacity(0), _size(0), _memPolicy(MemoryControl::AllocationPolicy::HOST_MEM), _isOpen(0) {};
      |                                                    ^~~~~~~~~~~~~~~~~~~~~~~~~~~~~~~~~~~~~~~~~~~~~~~~~~~~   ~~~~~~~~~
      |                                                    _isOpen(0                                              _memPolicy(MemoryControl::AllocationPolicy::HOST_MEM
./MC_Domain.hh:46:4: note: in instantiation of member function 'qs_vector<MC_Vector>::qs_vector' requested here
   46 |    MC_Mesh_Domain(){};
      |    ^
In file included from CollisionEvent.cc:3:
In file included from ./MC_Particle.hh:9:
In file included from ./Tallies.hh:7:
./QS_Vector.hh:16:52: warning: field '_memPolicy' will be initialized after field '_isOpen' [-Wreorder-ctor]
   16 |    qs_vector() : _data(0), _capacity(0), _size(0), _memPolicy(MemoryControl::AllocationPolicy::HOST_MEM), _isOpen(0) {};
      |                                                    ^~~~~~~~~~~~~~~~~~~~~~~~~~~~~~~~~~~~~~~~~~~~~~~~~~~~   ~~~~~~~~~
      |                                                    _isOpen(0                                              _memPolicy(MemoryControl::AllocationPolicy::HOST_MEM
./MC_Domain.hh:46:4: note: in instantiation of member function 'qs_vector<MC_Facet_Adjacency_Cell>::qs_vector' requested here
   46 |    MC_Mesh_Domain(){};
      |    ^
In file included from CollisionEvent.cc:3:
In file included from ./MC_Particle.hh:9:
In file included from ./Tallies.hh:7:
./QS_Vector.hh:16:52: warning: field '_memPolicy' will be initialized after field '_isOpen' [-Wreorder-ctor]
   16 |    qs_vector() : _data(0), _capacity(0), _size(0), _memPolicy(MemoryControl::AllocationPolicy::HOST_MEM), _isOpen(0) {};
      |                                                    ^~~~~~~~~~~~~~~~~~~~~~~~~~~~~~~~~~~~~~~~~~~~~~~~~~~~   ~~~~~~~~~
      |                                                    _isOpen(0                                              _memPolicy(MemoryControl::AllocationPolicy::HOST_MEM
./MC_Domain.hh:46:4: note: in instantiation of member function 'qs_vector<MC_Facet_Geometry_Cell>::qs_vector' requested here
   46 |    MC_Mesh_Domain(){};
      |    ^
In file included from CollisionEvent.cc:3:
In file included from ./MC_Particle.hh:9:
In file included from ./Tallies.hh:7:
./QS_Vector.hh:16:52: warning: field '_memPolicy' will be initialized after field '_isOpen' [-Wreorder-ctor]
   16 |    qs_vector() : _data(0), _capacity(0), _size(0), _memPolicy(MemoryControl::AllocationPolicy::HOST_MEM), _isOpen(0) {};
      |                                                    ^~~~~~~~~~~~~~~~~~~~~~~~~~~~~~~~~~~~~~~~~~~~~~~~~~~~   ~~~~~~~~~
      |                                                    _isOpen(0                                              _memPolicy(MemoryControl::AllocationPolicy::HOST_MEM
./MC_Domain.hh:73:5: note: in instantiation of member function 'qs_vector<MC_Cell_State>::qs_vector' requested here
   73 |     MC_Domain(){};
      |     ^
In file included from CollisionEvent.cc:3:
In file included from ./MC_Particle.hh:9:
In file included from ./Tallies.hh:7:
./QS_Vector.hh:16:52: warning: field '_memPolicy' will be initialized after field '_isOpen' [-Wreorder-ctor]
   16 |    qs_vector() : _data(0), _capacity(0), _size(0), _memPolicy(MemoryControl::AllocationPolicy::HOST_MEM), _isOpen(0) {};
      |                                                    ^~~~~~~~~~~~~~~~~~~~~~~~~~~~~~~~~~~~~~~~~~~~~~~~~~~~   ~~~~~~~~~
      |                                                    _isOpen(0                                              _memPolicy(MemoryControl::AllocationPolicy::HOST_MEM
./Tallies.hh:175:23: note: in instantiation of member function 'qs_vector<ScalarFluxCell>::qs_vector' requested here
  175 |    ScalarFluxTask() : _cell() {}
      |                       ^
In file included from CollisionEvent.cc:3:
In file included from ./MC_Particle.hh:9:
In file included from ./Tallies.hh:7:
./QS_Vector.hh:16:52: warning: field '_memPolicy' will be initialized after field '_isOpen' [-Wreorder-ctor]
   16 |    qs_vector() : _data(0), _capacity(0), _size(0), _memPolicy(MemoryControl::AllocationPolicy::HOST_MEM), _isOpen(0) {};
      |                                                    ^~~~~~~~~~~~~~~~~~~~~~~~~~~~~~~~~~~~~~~~~~~~~~~~~~~~   ~~~~~~~~~
      |                                                    _isOpen(0                                              _memPolicy(MemoryControl::AllocationPolicy::HOST_MEM
./Tallies.hh:226:24: note: in instantiation of member function 'qs_vector<CellTallyTask>::qs_vector' requested here
  226 |    CellTallyDomain() : _task() {}
      |                        ^
In file included from CollisionEvent.cc:3:
In file included from ./MC_Particle.hh:9:
In file included from ./Tallies.hh:7:
./QS_Vector.hh:35:58: warning: field '_memPolicy' will be initialized after field '_isOpen' [-Wreorder-ctor]
   35 |    : _data(0), _capacity(aa._capacity), _size(aa._size), _memPolicy(aa._memPolicy), _isOpen(aa._isOpen)
      |                                                          ^~~~~~~~~~~~~~~~~~~~~~~~   ~~~~~~~~~~~~~~~~~~
      |                                                          _isOpen(aa._isOpen         _memPolicy(aa._memPolicy
./QS_Vector.hh:63:23: note: in instantiation of member function 'qs_vector<long double>::qs_vector' requested here
   63 |          qs_vector<T> temp(aa);
      |                       ^
./Tallies.hh:128:7: note: in instantiation of member function 'qs_vector<long double>::operator=' requested here
  128 | class CellTallyTask
      |       ^
./Tallies.hh:238:17: note: in instantiation of member function 'qs_vector<CellTallyTask>::push_back' requested here
  238 |           _task.push_back(CellTallyTask(domain));
      |                 ^
In file included from CollisionEvent.cc:3:
In file included from ./MC_Particle.hh:9:
In file included from ./Tallies.hh:7:
./QS_Vector.hh:16:52: warning: field '_memPolicy' will be initialized after field '_isOpen' [-Wreorder-ctor]
   16 |    qs_vector() : _data(0), _capacity(0), _size(0), _memPolicy(MemoryControl::AllocationPolicy::HOST_MEM), _isOpen(0) {};
      |                                                    ^~~~~~~~~~~~~~~~~~~~~~~~~~~~~~~~~~~~~~~~~~~~~~~~~~~~   ~~~~~~~~~
      |                                                    _isOpen(0                                              _memPolicy(MemoryControl::AllocationPolicy::HOST_MEM
./Tallies.hh:251:25: note: in instantiation of member function 'qs_vector<ScalarFluxTask>::qs_vector' requested here
  251 |    ScalarFluxDomain() : _task() {}
      |                         ^
In file included from CollisionEvent.cc:3:
In file included from ./MC_Particle.hh:9:
In file included from ./Tallies.hh:7:
./QS_Vector.hh:35:58: warning: field '_memPolicy' will be initialized after field '_isOpen' [-Wreorder-ctor]
   35 |    : _data(0), _capacity(aa._capacity), _size(aa._size), _memPolicy(aa._memPolicy), _isOpen(aa._isOpen)
      |                                                          ^~~~~~~~~~~~~~~~~~~~~~~~   ~~~~~~~~~~~~~~~~~~
      |                                                          _isOpen(aa._isOpen         _memPolicy(aa._memPolicy
./QS_Vector.hh:63:23: note: in instantiation of member function 'qs_vector<ScalarFluxCell>::qs_vector' requested here
   63 |          qs_vector<T> temp(aa);
      |                       ^
./Tallies.hh:169:7: note: in instantiation of member function 'qs_vector<ScalarFluxCell>::operator=' requested here
  169 | class ScalarFluxTask
      |       ^
./Tallies.hh:263:17: note: in instantiation of member function 'qs_vector<ScalarFluxTask>::push_back' requested here
  263 |           _task.push_back(ScalarFluxTask(domain, numGroups));
      |                 ^
In file included from CollisionEvent.cc:3:
In file included from ./MC_Particle.hh:9:
In file included from ./Tallies.hh:7:
./QS_Vector.hh:16:52: warning: field '_memPolicy' will be initialized after field '_isOpen' [-Wreorder-ctor]
   16 |    qs_vector() : _data(0), _capacity(0), _size(0), _memPolicy(MemoryControl::AllocationPolicy::HOST_MEM), _isOpen(0) {};
      |                                                    ^~~~~~~~~~~~~~~~~~~~~~~~~~~~~~~~~~~~~~~~~~~~~~~~~~~~   ~~~~~~~~~
      |                                                    _isOpen(0                                              _memPolicy(MemoryControl::AllocationPolicy::HOST_MEM
./Tallies.hh:314:31: note: in instantiation of member function 'qs_vector<Balance>::qs_vector' requested here
  314 |       : _balanceCumulative(), _balanceTask(),
      |                               ^
In file included from CollisionEvent.cc:3:
In file included from ./MC_Particle.hh:9:
In file included from ./Tallies.hh:7:
./QS_Vector.hh:16:52: warning: field '_memPolicy' will be initialized after field '_isOpen' [-Wreorder-ctor]
   16 |    qs_vector() : _data(0), _capacity(0), _size(0), _memPolicy(MemoryControl::AllocationPolicy::HOST_MEM), _isOpen(0) {};
      |                                                    ^~~~~~~~~~~~~~~~~~~~~~~~~~~~~~~~~~~~~~~~~~~~~~~~~~~~   ~~~~~~~~~
      |                                                    _isOpen(0                                              _memPolicy(MemoryControl::AllocationPolicy::HOST_MEM
./Tallies.hh:315:9: note: in instantiation of member function 'qs_vector<ScalarFluxDomain>::qs_vector' requested here
  315 |         _scalarFluxDomain(), _num_balance_replications(balRep), 
      |         ^
In file included from CollisionEvent.cc:3:
In file included from ./MC_Particle.hh:9:
In file included from ./Tallies.hh:7:
./QS_Vector.hh:16:52: warning: field '_memPolicy' will be initialized after field '_isOpen' [-Wreorder-ctor]
   16 |    qs_vector() : _data(0), _capacity(0), _size(0), _memPolicy(MemoryControl::AllocationPolicy::HOST_MEM), _isOpen(0) {};
      |                                                    ^~~~~~~~~~~~~~~~~~~~~~~~~~~~~~~~~~~~~~~~~~~~~~~~~~~~   ~~~~~~~~~
      |                                                    _isOpen(0                                              _memPolicy(MemoryControl::AllocationPolicy::HOST_MEM
./Tallies.hh:313:5: note: in instantiation of member function 'qs_vector<CellTallyDomain>::qs_vector' requested here
  313 |     Tallies( int balRep, int fluxRep, int cellRep, std::string spectrumName, int spectrumSize )
      |     ^
In file included from CollisionEvent.cc:3:
In file included from ./MC_Particle.hh:9:
In file included from ./Tallies.hh:7:
./QS_Vector.hh:16:52: warning: field '_memPolicy' will be initialized after field '_isOpen' [-Wreorder-ctor]
   16 |    qs_vector() : _data(0), _capacity(0), _size(0), _memPolicy(MemoryControl::AllocationPolicy::HOST_MEM), _isOpen(0) {};
      |                                                    ^~~~~~~~~~~~~~~~~~~~~~~~~~~~~~~~~~~~~~~~~~~~~~~~~~~~   ~~~~~~~~~
      |                                                    _isOpen(0                                              _memPolicy(MemoryControl::AllocationPolicy::HOST_MEM
./MaterialDatabase.hh:37:4: note: in instantiation of member function 'qs_vector<Isotope>::qs_vector' requested here
   37 |    Material()
      |    ^
In file included from CollisionEvent.cc:3:
In file included from ./MC_Particle.hh:9:
In file included from ./Tallies.hh:7:
./QS_Vector.hh:35:58: warning: field '_memPolicy' will be initialized after field '_isOpen' [-Wreorder-ctor]
   35 |    : _data(0), _capacity(aa._capacity), _size(aa._size), _memPolicy(aa._memPolicy), _isOpen(aa._isOpen)
      |                                                          ^~~~~~~~~~~~~~~~~~~~~~~~   ~~~~~~~~~~~~~~~~~~
      |                                                          _isOpen(aa._isOpen         _memPolicy(aa._memPolicy
./QS_Vector.hh:63:23: note: in instantiation of member function 'qs_vector<Isotope>::qs_vector' requested here
   63 |          qs_vector<T> temp(aa);
      |                       ^
./MaterialDatabase.hh:30:7: note: in instantiation of member function 'qs_vector<Isotope>::operator=' requested here
   30 | class Material
      |       ^
./MaterialDatabase.hh:66:12: note: in instantiation of member function 'qs_vector<Material>::push_back' requested here
   66 |       _mat.push_back(material);
      |            ^
21 warnings generated.
clang++ -DQS_LD  -std=c++11 -g -O0 -include cstdint -Wformat -Wall -c CoralBenchmark.cc -o CoralBenchmark.o
In file included from CoralBenchmark.cc:3:
In file included from ./MonteCarlo.hh:8:
./Parameters.hh:104:6: warning: field 'boundaryCondition' will be initialized after field 'energySpectrum' [-Wreorder-ctor]
  103 |      crossSectionsOut(""),
      |      ~~~~~~~~~~~~~~~~~~~~
      |      energySpectrum("")
  104 |      boundaryCondition("reflect"),
      |      ^~~~~~~~~~~~~~~~~~~~~~~~~~~~
      |      crossSectionsOut("")
  105 |      energySpectrum(""),
      |      ~~~~~~~~~~~~~~~~~~
      |      boundaryCondition("reflect")
./Parameters.hh:171:1: warning: 'Parameters' defined as a struct here but previously declared as a class; this is valid, but may result in linker errors under the Microsoft C++ ABI [-Wmismatched-tags]
  171 | struct Parameters
      | ^
./MC_Domain.hh:14:1: note: did you mean struct here?
   14 | class Parameters;
      | ^~~~~
      | struct
./CoralBenchmark.hh:5:1: note: did you mean struct here?
    5 | class Parameters;
      | ^~~~~
      | struct
In file included from CoralBenchmark.cc:5:
./Tallies.hh:316:42: warning: field '_num_cellTally_replications' will be initialized after field '_spectrum' [-Wreorder-ctor]
  315 |         _scalarFluxDomain(), _num_balance_replications(balRep), 
      |                              ~~~~~~~~~~~~~~~~~~~~~~~~~~~~~~~~~
      |                              _spectrum(spectrumName, spectrumSize)
  316 |         _num_flux_replications(fluxRep), _num_cellTally_replications(cellRep), 
      |         ~~~~~~~~~~~~~~~~~~~~~~~~~~~~~~~  ^~~~~~~~~~~~~~~~~~~~~~~~~~~~~~~~~~~~
      |         _num_balance_replications(balRep)_num_flux_replications(fluxRep)
  317 |         _spectrum(spectrumName, spectrumSize)
      |         ~~~~~~~~~~~~~~~~~~~~~~~~~~~~~~~~~~~~~
      |         _num_cellTally_replications(cellRep)
In file included from CoralBenchmark.cc:7:
./MC_Processor_Info.hh:18:7: warning: field 'comm_mc_world' will be initialized after field 'use_gpu' [-Wreorder-ctor]
   18 |     : comm_mc_world(MPI_COMM_WORLD),
      |       ^~~~~~~~~~~~~~~~~~~~~~~~~~~~~
      |       use_gpu(0)
   19 |       use_gpu(0),
      |       ~~~~~~~~~~
      |       gpu_id(0)
   20 |       gpu_id(0)
      |       ~~~~~~~~~
      |       comm_mc_world(MPI_COMM_WORLD)
CoralBenchmark.cc:68:14: warning: variable 'absorbRatio' is used uninitialized whenever 'if' condition is false [-Wsometimes-uninitialized]
   68 |     else if( params.simulationParams.coralBenchmark == 2 )
      |              ^~~~~~~~~~~~~~~~~~~~~~~~~~~~~~~~~~~~~~~~~~~
CoralBenchmark.cc:83:54: note: uninitialized use occurs here
   83 |     qs_real Absorb2Scatter  = qsm::abs_( ( absorb /  absorbRatio  ) * (scatterRatio / scatter) - 1);
      |                                                      ^~~~~~~~~~~
CoralBenchmark.cc:68:10: note: remove the 'if' if its condition is always true
   68 |     else if( params.simulationParams.coralBenchmark == 2 )
      |          ^~~~~~~~~~~~~~~~~~~~~~~~~~~~~~~~~~~~~~~~~~~~~~~~~
   69 |     {
   70 |         fissionRatio = qs_real(0.075); 
   71 |         scatterRatio = qs_real(0.830);
   72 |         absorbRatio  = qs_real(0.094);
   73 |         percent_tolerance = qs_real(1.1);
   74 |     }
      |      
   75 |     else
      |     ~~~~
   76 |     {
      |     ~
   77 |         //The input provided for which coral problem is incorrect
      |         ~~~~~~~~~~~~~~~~~~~~~~~~~~~~~~~~~~~~~~~~~~~~~~~~~~~~~~~~~
   78 |         qs_assert(false);
      |         ~~~~~~~~~~~~~~~~~
   79 |     }
      |     ~
CoralBenchmark.cc:57:24: note: initialize the variable 'absorbRatio' to silence this warning
   57 |     qs_real absorbRatio, fissionRatio, scatterRatio;
      |                        ^
      |                         = 0.0
CoralBenchmark.cc:68:14: warning: variable 'scatterRatio' is used uninitialized whenever 'if' condition is false [-Wsometimes-uninitialized]
   68 |     else if( params.simulationParams.coralBenchmark == 2 )
      |              ^~~~~~~~~~~~~~~~~~~~~~~~~~~~~~~~~~~~~~~~~~~
CoralBenchmark.cc:83:72: note: uninitialized use occurs here
   83 |     qs_real Absorb2Scatter  = qsm::abs_( ( absorb /  absorbRatio  ) * (scatterRatio / scatter) - 1);
      |                                                                        ^~~~~~~~~~~~
CoralBenchmark.cc:68:10: note: remove the 'if' if its condition is always true
   68 |     else if( params.simulationParams.coralBenchmark == 2 )
      |          ^~~~~~~~~~~~~~~~~~~~~~~~~~~~~~~~~~~~~~~~~~~~~~~~~
   69 |     {
   70 |         fissionRatio = qs_real(0.075); 
   71 |         scatterRatio = qs_real(0.830);
   72 |         absorbRatio  = qs_real(0.094);
   73 |         percent_tolerance = qs_real(1.1);
   74 |     }
      |      
   75 |     else
      |     ~~~~
   76 |     {
      |     ~
   77 |         //The input provided for which coral problem is incorrect
      |         ~~~~~~~~~~~~~~~~~~~~~~~~~~~~~~~~~~~~~~~~~~~~~~~~~~~~~~~~~
   78 |         qs_assert(false);
      |         ~~~~~~~~~~~~~~~~~
   79 |     }
      |     ~
CoralBenchmark.cc:57:52: note: initialize the variable 'scatterRatio' to silence this warning
   57 |     qs_real absorbRatio, fissionRatio, scatterRatio;
      |                                                    ^
      |                                                     = 0.0
CoralBenchmark.cc:68:14: warning: variable 'fissionRatio' is used uninitialized whenever 'if' condition is false [-Wsometimes-uninitialized]
   68 |     else if( params.simulationParams.coralBenchmark == 2 )
      |              ^~~~~~~~~~~~~~~~~~~~~~~~~~~~~~~~~~~~~~~~~~~
CoralBenchmark.cc:84:72: note: uninitialized use occurs here
   84 |     qs_real Absorb2Fission  = qsm::abs_( ( absorb /  absorbRatio  ) * (fissionRatio / fission) - 1);
      |                                                                        ^~~~~~~~~~~~
CoralBenchmark.cc:68:10: note: remove the 'if' if its condition is always true
   68 |     else if( params.simulationParams.coralBenchmark == 2 )
      |          ^~~~~~~~~~~~~~~~~~~~~~~~~~~~~~~~~~~~~~~~~~~~~~~~~
   69 |     {
   70 |         fissionRatio = qs_real(0.075); 
   71 |         scatterRatio = qs_real(0.830);
   72 |         absorbRatio  = qs_real(0.094);
   73 |         percent_tolerance = qs_real(1.1);
   74 |     }
      |      
   75 |     else
      |     ~~~~
   76 |     {
      |     ~
   77 |         //The input provided for which coral problem is incorrect
      |         ~~~~~~~~~~~~~~~~~~~~~~~~~~~~~~~~~~~~~~~~~~~~~~~~~~~~~~~~~
   78 |         qs_assert(false);
      |         ~~~~~~~~~~~~~~~~~
   79 |     }
      |     ~
CoralBenchmark.cc:57:38: note: initialize the variable 'fissionRatio' to silence this warning
   57 |     qs_real absorbRatio, fissionRatio, scatterRatio;
      |                                      ^
      |                                       = 0.0
In file included from CoralBenchmark.cc:3:
In file included from ./MonteCarlo.hh:6:
./QS_Vector.hh:16:52: warning: field '_memPolicy' will be initialized after field '_isOpen' [-Wreorder-ctor]
   16 |    qs_vector() : _data(0), _capacity(0), _size(0), _memPolicy(MemoryControl::AllocationPolicy::HOST_MEM), _isOpen(0) {};
      |                                                    ^~~~~~~~~~~~~~~~~~~~~~~~~~~~~~~~~~~~~~~~~~~~~~~~~~~~   ~~~~~~~~~
      |                                                    _isOpen(0                                              _memPolicy(MemoryControl::AllocationPolicy::HOST_MEM
./MC_Domain.hh:46:4: note: in instantiation of member function 'qs_vector<int>::qs_vector' requested here
   46 |    MC_Mesh_Domain(){};
      |    ^
In file included from CoralBenchmark.cc:3:
In file included from ./MonteCarlo.hh:6:
./QS_Vector.hh:16:52: warning: field '_memPolicy' will be initialized after field '_isOpen' [-Wreorder-ctor]
   16 |    qs_vector() : _data(0), _capacity(0), _size(0), _memPolicy(MemoryControl::AllocationPolicy::HOST_MEM), _isOpen(0) {};
      |                                                    ^~~~~~~~~~~~~~~~~~~~~~~~~~~~~~~~~~~~~~~~~~~~~~~~~~~~   ~~~~~~~~~
      |                                                    _isOpen(0                                              _memPolicy(MemoryControl::AllocationPolicy::HOST_MEM
./MC_Domain.hh:46:4: note: in instantiation of member function 'qs_vector<MC_Vector>::qs_vector' requested here
   46 |    MC_Mesh_Domain(){};
      |    ^
In file included from CoralBenchmark.cc:3:
In file included from ./MonteCarlo.hh:6:
./QS_Vector.hh:16:52: warning: field '_memPolicy' will be initialized after field '_isOpen' [-Wreorder-ctor]
   16 |    qs_vector() : _data(0), _capacity(0), _size(0), _memPolicy(MemoryControl::AllocationPolicy::HOST_MEM), _isOpen(0) {};
      |                                                    ^~~~~~~~~~~~~~~~~~~~~~~~~~~~~~~~~~~~~~~~~~~~~~~~~~~~   ~~~~~~~~~
      |                                                    _isOpen(0                                              _memPolicy(MemoryControl::AllocationPolicy::HOST_MEM
./MC_Domain.hh:46:4: note: in instantiation of member function 'qs_vector<MC_Facet_Adjacency_Cell>::qs_vector' requested here
   46 |    MC_Mesh_Domain(){};
      |    ^
In file included from CoralBenchmark.cc:3:
In file included from ./MonteCarlo.hh:6:
./QS_Vector.hh:16:52: warning: field '_memPolicy' will be initialized after field '_isOpen' [-Wreorder-ctor]
   16 |    qs_vector() : _data(0), _capacity(0), _size(0), _memPolicy(MemoryControl::AllocationPolicy::HOST_MEM), _isOpen(0) {};
      |                                                    ^~~~~~~~~~~~~~~~~~~~~~~~~~~~~~~~~~~~~~~~~~~~~~~~~~~~   ~~~~~~~~~
      |                                                    _isOpen(0                                              _memPolicy(MemoryControl::AllocationPolicy::HOST_MEM
./MC_Domain.hh:46:4: note: in instantiation of member function 'qs_vector<MC_Facet_Geometry_Cell>::qs_vector' requested here
   46 |    MC_Mesh_Domain(){};
      |    ^
In file included from CoralBenchmark.cc:3:
In file included from ./MonteCarlo.hh:6:
./QS_Vector.hh:16:52: warning: field '_memPolicy' will be initialized after field '_isOpen' [-Wreorder-ctor]
   16 |    qs_vector() : _data(0), _capacity(0), _size(0), _memPolicy(MemoryControl::AllocationPolicy::HOST_MEM), _isOpen(0) {};
      |                                                    ^~~~~~~~~~~~~~~~~~~~~~~~~~~~~~~~~~~~~~~~~~~~~~~~~~~~   ~~~~~~~~~
      |                                                    _isOpen(0                                              _memPolicy(MemoryControl::AllocationPolicy::HOST_MEM
./MC_Domain.hh:73:5: note: in instantiation of member function 'qs_vector<MC_Cell_State>::qs_vector' requested here
   73 |     MC_Domain(){};
      |     ^
In file included from CoralBenchmark.cc:3:
In file included from ./MonteCarlo.hh:6:
./QS_Vector.hh:16:52: warning: field '_memPolicy' will be initialized after field '_isOpen' [-Wreorder-ctor]
   16 |    qs_vector() : _data(0), _capacity(0), _size(0), _memPolicy(MemoryControl::AllocationPolicy::HOST_MEM), _isOpen(0) {};
      |                                                    ^~~~~~~~~~~~~~~~~~~~~~~~~~~~~~~~~~~~~~~~~~~~~~~~~~~~   ~~~~~~~~~
      |                                                    _isOpen(0                                              _memPolicy(MemoryControl::AllocationPolicy::HOST_MEM
./NuclearData.hh:44:4: note: in instantiation of member function 'qs_vector<long double>::qs_vector' requested here
   44 |    NuclearDataReaction(){};
      |    ^
In file included from CoralBenchmark.cc:3:
In file included from ./MonteCarlo.hh:6:
./QS_Vector.hh:19:46: warning: field '_memPolicy' will be initialized after field '_isOpen' [-Wreorder-ctor]
   19 |    : _data(0), _capacity(size), _size(size), _memPolicy(memPolicy), _isOpen(0) 
      |                                              ^~~~~~~~~~~~~~~~~~~~   ~~~~~~~~~
      |                                              _isOpen(0              _memPolicy(memPolicy
./NuclearData.hh:80:6: note: in instantiation of member function 'qs_vector<NuclearDataSpecies>::qs_vector' requested here
   80 |    : _species(1,VAR_MEM){}
      |      ^
In file included from CoralBenchmark.cc:3:
In file included from ./MonteCarlo.hh:6:
./QS_Vector.hh:16:52: warning: field '_memPolicy' will be initialized after field '_isOpen' [-Wreorder-ctor]
   16 |    qs_vector() : _data(0), _capacity(0), _size(0), _memPolicy(MemoryControl::AllocationPolicy::HOST_MEM), _isOpen(0) {};
      |                                                    ^~~~~~~~~~~~~~~~~~~~~~~~~~~~~~~~~~~~~~~~~~~~~~~~~~~~   ~~~~~~~~~
      |                                                    _isOpen(0                                              _memPolicy(MemoryControl::AllocationPolicy::HOST_MEM
./NuclearData.hh:64:7: note: in instantiation of member function 'qs_vector<NuclearDataReaction>::qs_vector' requested here
   64 | class NuclearDataSpecies
      |       ^
./QS_Vector.hh:21:30: note: in instantiation of function template specialization 'MemoryControl::allocate<NuclearDataSpecies>' requested here
   21 |       _data = MemoryControl::allocate<T>(size, memPolicy);
      |                              ^
./NuclearData.hh:80:6: note: in instantiation of member function 'qs_vector<NuclearDataSpecies>::qs_vector' requested here
   80 |    : _species(1,VAR_MEM){}
      |      ^
In file included from CoralBenchmark.cc:3:
In file included from ./MonteCarlo.hh:6:
./QS_Vector.hh:16:52: warning: field '_memPolicy' will be initialized after field '_isOpen' [-Wreorder-ctor]
   16 |    qs_vector() : _data(0), _capacity(0), _size(0), _memPolicy(MemoryControl::AllocationPolicy::HOST_MEM), _isOpen(0) {};
      |                                                    ^~~~~~~~~~~~~~~~~~~~~~~~~~~~~~~~~~~~~~~~~~~~~~~~~~~~   ~~~~~~~~~
      |                                                    _isOpen(0                                              _memPolicy(MemoryControl::AllocationPolicy::HOST_MEM
./Tallies.hh:175:23: note: in instantiation of member function 'qs_vector<ScalarFluxCell>::qs_vector' requested here
  175 |    ScalarFluxTask() : _cell() {}
      |                       ^
In file included from CoralBenchmark.cc:3:
In file included from ./MonteCarlo.hh:6:
./QS_Vector.hh:16:52: warning: field '_memPolicy' will be initialized after field '_isOpen' [-Wreorder-ctor]
   16 |    qs_vector() : _data(0), _capacity(0), _size(0), _memPolicy(MemoryControl::AllocationPolicy::HOST_MEM), _isOpen(0) {};
      |                                                    ^~~~~~~~~~~~~~~~~~~~~~~~~~~~~~~~~~~~~~~~~~~~~~~~~~~~   ~~~~~~~~~
      |                                                    _isOpen(0                                              _memPolicy(MemoryControl::AllocationPolicy::HOST_MEM
./Tallies.hh:226:24: note: in instantiation of member function 'qs_vector<CellTallyTask>::qs_vector' requested here
  226 |    CellTallyDomain() : _task() {}
      |                        ^
In file included from CoralBenchmark.cc:3:
In file included from ./MonteCarlo.hh:6:
./QS_Vector.hh:35:58: warning: field '_memPolicy' will be initialized after field '_isOpen' [-Wreorder-ctor]
   35 |    : _data(0), _capacity(aa._capacity), _size(aa._size), _memPolicy(aa._memPolicy), _isOpen(aa._isOpen)
      |                                                          ^~~~~~~~~~~~~~~~~~~~~~~~   ~~~~~~~~~~~~~~~~~~
      |                                                          _isOpen(aa._isOpen         _memPolicy(aa._memPolicy
./QS_Vector.hh:63:23: note: in instantiation of member function 'qs_vector<long double>::qs_vector' requested here
   63 |          qs_vector<T> temp(aa);
      |                       ^
./Tallies.hh:128:7: note: in instantiation of member function 'qs_vector<long double>::operator=' requested here
  128 | class CellTallyTask
      |       ^
./Tallies.hh:238:17: note: in instantiation of member function 'qs_vector<CellTallyTask>::push_back' requested here
  238 |           _task.push_back(CellTallyTask(domain));
      |                 ^
In file included from CoralBenchmark.cc:3:
In file included from ./MonteCarlo.hh:6:
./QS_Vector.hh:16:52: warning: field '_memPolicy' will be initialized after field '_isOpen' [-Wreorder-ctor]
   16 |    qs_vector() : _data(0), _capacity(0), _size(0), _memPolicy(MemoryControl::AllocationPolicy::HOST_MEM), _isOpen(0) {};
      |                                                    ^~~~~~~~~~~~~~~~~~~~~~~~~~~~~~~~~~~~~~~~~~~~~~~~~~~~   ~~~~~~~~~
      |                                                    _isOpen(0                                              _memPolicy(MemoryControl::AllocationPolicy::HOST_MEM
./Tallies.hh:251:25: note: in instantiation of member function 'qs_vector<ScalarFluxTask>::qs_vector' requested here
  251 |    ScalarFluxDomain() : _task() {}
      |                         ^
In file included from CoralBenchmark.cc:3:
In file included from ./MonteCarlo.hh:6:
./QS_Vector.hh:35:58: warning: field '_memPolicy' will be initialized after field '_isOpen' [-Wreorder-ctor]
   35 |    : _data(0), _capacity(aa._capacity), _size(aa._size), _memPolicy(aa._memPolicy), _isOpen(aa._isOpen)
      |                                                          ^~~~~~~~~~~~~~~~~~~~~~~~   ~~~~~~~~~~~~~~~~~~
      |                                                          _isOpen(aa._isOpen         _memPolicy(aa._memPolicy
./QS_Vector.hh:63:23: note: in instantiation of member function 'qs_vector<ScalarFluxCell>::qs_vector' requested here
   63 |          qs_vector<T> temp(aa);
      |                       ^
./Tallies.hh:169:7: note: in instantiation of member function 'qs_vector<ScalarFluxCell>::operator=' requested here
  169 | class ScalarFluxTask
      |       ^
./Tallies.hh:263:17: note: in instantiation of member function 'qs_vector<ScalarFluxTask>::push_back' requested here
  263 |           _task.push_back(ScalarFluxTask(domain, numGroups));
      |                 ^
In file included from CoralBenchmark.cc:3:
In file included from ./MonteCarlo.hh:6:
./QS_Vector.hh:16:52: warning: field '_memPolicy' will be initialized after field '_isOpen' [-Wreorder-ctor]
   16 |    qs_vector() : _data(0), _capacity(0), _size(0), _memPolicy(MemoryControl::AllocationPolicy::HOST_MEM), _isOpen(0) {};
      |                                                    ^~~~~~~~~~~~~~~~~~~~~~~~~~~~~~~~~~~~~~~~~~~~~~~~~~~~   ~~~~~~~~~
      |                                                    _isOpen(0                                              _memPolicy(MemoryControl::AllocationPolicy::HOST_MEM
./Tallies.hh:314:31: note: in instantiation of member function 'qs_vector<Balance>::qs_vector' requested here
  314 |       : _balanceCumulative(), _balanceTask(),
      |                               ^
In file included from CoralBenchmark.cc:3:
In file included from ./MonteCarlo.hh:6:
./QS_Vector.hh:16:52: warning: field '_memPolicy' will be initialized after field '_isOpen' [-Wreorder-ctor]
   16 |    qs_vector() : _data(0), _capacity(0), _size(0), _memPolicy(MemoryControl::AllocationPolicy::HOST_MEM), _isOpen(0) {};
      |                                                    ^~~~~~~~~~~~~~~~~~~~~~~~~~~~~~~~~~~~~~~~~~~~~~~~~~~~   ~~~~~~~~~
      |                                                    _isOpen(0                                              _memPolicy(MemoryControl::AllocationPolicy::HOST_MEM
./Tallies.hh:315:9: note: in instantiation of member function 'qs_vector<ScalarFluxDomain>::qs_vector' requested here
  315 |         _scalarFluxDomain(), _num_balance_replications(balRep), 
      |         ^
In file included from CoralBenchmark.cc:3:
In file included from ./MonteCarlo.hh:6:
./QS_Vector.hh:16:52: warning: field '_memPolicy' will be initialized after field '_isOpen' [-Wreorder-ctor]
   16 |    qs_vector() : _data(0), _capacity(0), _size(0), _memPolicy(MemoryControl::AllocationPolicy::HOST_MEM), _isOpen(0) {};
      |                                                    ^~~~~~~~~~~~~~~~~~~~~~~~~~~~~~~~~~~~~~~~~~~~~~~~~~~~   ~~~~~~~~~
      |                                                    _isOpen(0                                              _memPolicy(MemoryControl::AllocationPolicy::HOST_MEM
./Tallies.hh:313:5: note: in instantiation of member function 'qs_vector<CellTallyDomain>::qs_vector' requested here
  313 |     Tallies( int balRep, int fluxRep, int cellRep, std::string spectrumName, int spectrumSize )
      |     ^
23 warnings generated.
clang++ -DQS_LD  -std=c++11 -g -O0 -include cstdint -Wformat -Wall -c CycleTracking.cc -o CycleTracking.o
In file included from CycleTracking.cc:3:
In file included from ./MonteCarlo.hh:8:
./Parameters.hh:104:6: warning: field 'boundaryCondition' will be initialized after field 'energySpectrum' [-Wreorder-ctor]
  103 |      crossSectionsOut(""),
      |      ~~~~~~~~~~~~~~~~~~~~
      |      energySpectrum("")
  104 |      boundaryCondition("reflect"),
      |      ^~~~~~~~~~~~~~~~~~~~~~~~~~~~
      |      crossSectionsOut("")
  105 |      energySpectrum(""),
      |      ~~~~~~~~~~~~~~~~~~
      |      boundaryCondition("reflect")
./Parameters.hh:171:1: warning: 'Parameters' defined as a struct here but previously declared as a class; this is valid, but may result in linker errors under the Microsoft C++ ABI [-Wmismatched-tags]
  171 | struct Parameters
      | ^
./MC_Domain.hh:14:1: note: did you mean struct here?
   14 | class Parameters;
      | ^~~~~
      | struct
In file included from CycleTracking.cc:5:
In file included from ./ParticleVault.hh:4:
In file included from ./MC_Base_Particle.hh:10:
In file included from ./MC_Particle.hh:9:
./Tallies.hh:316:42: warning: field '_num_cellTally_replications' will be initialized after field '_spectrum' [-Wreorder-ctor]
  315 |         _scalarFluxDomain(), _num_balance_replications(balRep), 
      |                              ~~~~~~~~~~~~~~~~~~~~~~~~~~~~~~~~~
      |                              _spectrum(spectrumName, spectrumSize)
  316 |         _num_flux_replications(fluxRep), _num_cellTally_replications(cellRep), 
      |         ~~~~~~~~~~~~~~~~~~~~~~~~~~~~~~~  ^~~~~~~~~~~~~~~~~~~~~~~~~~~~~~~~~~~~
      |         _num_balance_replications(balRep)_num_flux_replications(fluxRep)
  317 |         _spectrum(spectrumName, spectrumSize)
      |         ~~~~~~~~~~~~~~~~~~~~~~~~~~~~~~~~~~~~~
      |         _num_cellTally_replications(cellRep)
CycleTracking.cc:40:18: warning: unused variable 'cell_tally_index' [-Wunused-variable]
   40 |     unsigned int cell_tally_index = (particle_index) % monteCarlo->_tallies->GetNumCellTallyReplications();
      |                  ^~~~~~~~~~~~~~~~
In file included from CycleTracking.cc:3:
In file included from ./MonteCarlo.hh:6:
./QS_Vector.hh:16:52: warning: field '_memPolicy' will be initialized after field '_isOpen' [-Wreorder-ctor]
   16 |    qs_vector() : _data(0), _capacity(0), _size(0), _memPolicy(MemoryControl::AllocationPolicy::HOST_MEM), _isOpen(0) {};
      |                                                    ^~~~~~~~~~~~~~~~~~~~~~~~~~~~~~~~~~~~~~~~~~~~~~~~~~~~   ~~~~~~~~~
      |                                                    _isOpen(0                                              _memPolicy(MemoryControl::AllocationPolicy::HOST_MEM
./MC_Domain.hh:46:4: note: in instantiation of member function 'qs_vector<int>::qs_vector' requested here
   46 |    MC_Mesh_Domain(){};
      |    ^
In file included from CycleTracking.cc:3:
In file included from ./MonteCarlo.hh:6:
./QS_Vector.hh:16:52: warning: field '_memPolicy' will be initialized after field '_isOpen' [-Wreorder-ctor]
   16 |    qs_vector() : _data(0), _capacity(0), _size(0), _memPolicy(MemoryControl::AllocationPolicy::HOST_MEM), _isOpen(0) {};
      |                                                    ^~~~~~~~~~~~~~~~~~~~~~~~~~~~~~~~~~~~~~~~~~~~~~~~~~~~   ~~~~~~~~~
      |                                                    _isOpen(0                                              _memPolicy(MemoryControl::AllocationPolicy::HOST_MEM
./MC_Domain.hh:46:4: note: in instantiation of member function 'qs_vector<MC_Vector>::qs_vector' requested here
   46 |    MC_Mesh_Domain(){};
      |    ^
In file included from CycleTracking.cc:3:
In file included from ./MonteCarlo.hh:6:
./QS_Vector.hh:16:52: warning: field '_memPolicy' will be initialized after field '_isOpen' [-Wreorder-ctor]
   16 |    qs_vector() : _data(0), _capacity(0), _size(0), _memPolicy(MemoryControl::AllocationPolicy::HOST_MEM), _isOpen(0) {};
      |                                                    ^~~~~~~~~~~~~~~~~~~~~~~~~~~~~~~~~~~~~~~~~~~~~~~~~~~~   ~~~~~~~~~
      |                                                    _isOpen(0                                              _memPolicy(MemoryControl::AllocationPolicy::HOST_MEM
./MC_Domain.hh:46:4: note: in instantiation of member function 'qs_vector<MC_Facet_Adjacency_Cell>::qs_vector' requested here
   46 |    MC_Mesh_Domain(){};
      |    ^
In file included from CycleTracking.cc:3:
In file included from ./MonteCarlo.hh:6:
./QS_Vector.hh:16:52: warning: field '_memPolicy' will be initialized after field '_isOpen' [-Wreorder-ctor]
   16 |    qs_vector() : _data(0), _capacity(0), _size(0), _memPolicy(MemoryControl::AllocationPolicy::HOST_MEM), _isOpen(0) {};
      |                                                    ^~~~~~~~~~~~~~~~~~~~~~~~~~~~~~~~~~~~~~~~~~~~~~~~~~~~   ~~~~~~~~~
      |                                                    _isOpen(0                                              _memPolicy(MemoryControl::AllocationPolicy::HOST_MEM
./MC_Domain.hh:46:4: note: in instantiation of member function 'qs_vector<MC_Facet_Geometry_Cell>::qs_vector' requested here
   46 |    MC_Mesh_Domain(){};
      |    ^
In file included from CycleTracking.cc:3:
In file included from ./MonteCarlo.hh:6:
./QS_Vector.hh:16:52: warning: field '_memPolicy' will be initialized after field '_isOpen' [-Wreorder-ctor]
   16 |    qs_vector() : _data(0), _capacity(0), _size(0), _memPolicy(MemoryControl::AllocationPolicy::HOST_MEM), _isOpen(0) {};
      |                                                    ^~~~~~~~~~~~~~~~~~~~~~~~~~~~~~~~~~~~~~~~~~~~~~~~~~~~   ~~~~~~~~~
      |                                                    _isOpen(0                                              _memPolicy(MemoryControl::AllocationPolicy::HOST_MEM
./MC_Domain.hh:73:5: note: in instantiation of member function 'qs_vector<MC_Cell_State>::qs_vector' requested here
   73 |     MC_Domain(){};
      |     ^
In file included from CycleTracking.cc:3:
In file included from ./MonteCarlo.hh:6:
./QS_Vector.hh:16:52: warning: field '_memPolicy' will be initialized after field '_isOpen' [-Wreorder-ctor]
   16 |    qs_vector() : _data(0), _capacity(0), _size(0), _memPolicy(MemoryControl::AllocationPolicy::HOST_MEM), _isOpen(0) {};
      |                                                    ^~~~~~~~~~~~~~~~~~~~~~~~~~~~~~~~~~~~~~~~~~~~~~~~~~~~   ~~~~~~~~~
      |                                                    _isOpen(0                                              _memPolicy(MemoryControl::AllocationPolicy::HOST_MEM
./NuclearData.hh:44:4: note: in instantiation of member function 'qs_vector<long double>::qs_vector' requested here
   44 |    NuclearDataReaction(){};
      |    ^
In file included from CycleTracking.cc:3:
In file included from ./MonteCarlo.hh:6:
./QS_Vector.hh:19:46: warning: field '_memPolicy' will be initialized after field '_isOpen' [-Wreorder-ctor]
   19 |    : _data(0), _capacity(size), _size(size), _memPolicy(memPolicy), _isOpen(0) 
      |                                              ^~~~~~~~~~~~~~~~~~~~   ~~~~~~~~~
      |                                              _isOpen(0              _memPolicy(memPolicy
./NuclearData.hh:80:6: note: in instantiation of member function 'qs_vector<NuclearDataSpecies>::qs_vector' requested here
   80 |    : _species(1,VAR_MEM){}
      |      ^
In file included from CycleTracking.cc:3:
In file included from ./MonteCarlo.hh:6:
./QS_Vector.hh:16:52: warning: field '_memPolicy' will be initialized after field '_isOpen' [-Wreorder-ctor]
   16 |    qs_vector() : _data(0), _capacity(0), _size(0), _memPolicy(MemoryControl::AllocationPolicy::HOST_MEM), _isOpen(0) {};
      |                                                    ^~~~~~~~~~~~~~~~~~~~~~~~~~~~~~~~~~~~~~~~~~~~~~~~~~~~   ~~~~~~~~~
      |                                                    _isOpen(0                                              _memPolicy(MemoryControl::AllocationPolicy::HOST_MEM
./NuclearData.hh:64:7: note: in instantiation of member function 'qs_vector<NuclearDataReaction>::qs_vector' requested here
   64 | class NuclearDataSpecies
      |       ^
./QS_Vector.hh:21:30: note: in instantiation of function template specialization 'MemoryControl::allocate<NuclearDataSpecies>' requested here
   21 |       _data = MemoryControl::allocate<T>(size, memPolicy);
      |                              ^
./NuclearData.hh:80:6: note: in instantiation of member function 'qs_vector<NuclearDataSpecies>::qs_vector' requested here
   80 |    : _species(1,VAR_MEM){}
      |      ^
In file included from CycleTracking.cc:3:
In file included from ./MonteCarlo.hh:6:
./QS_Vector.hh:16:52: warning: field '_memPolicy' will be initialized after field '_isOpen' [-Wreorder-ctor]
   16 |    qs_vector() : _data(0), _capacity(0), _size(0), _memPolicy(MemoryControl::AllocationPolicy::HOST_MEM), _isOpen(0) {};
      |                                                    ^~~~~~~~~~~~~~~~~~~~~~~~~~~~~~~~~~~~~~~~~~~~~~~~~~~~   ~~~~~~~~~
      |                                                    _isOpen(0                                              _memPolicy(MemoryControl::AllocationPolicy::HOST_MEM
./Tallies.hh:175:23: note: in instantiation of member function 'qs_vector<ScalarFluxCell>::qs_vector' requested here
  175 |    ScalarFluxTask() : _cell() {}
      |                       ^
In file included from CycleTracking.cc:3:
In file included from ./MonteCarlo.hh:6:
./QS_Vector.hh:16:52: warning: field '_memPolicy' will be initialized after field '_isOpen' [-Wreorder-ctor]
   16 |    qs_vector() : _data(0), _capacity(0), _size(0), _memPolicy(MemoryControl::AllocationPolicy::HOST_MEM), _isOpen(0) {};
      |                                                    ^~~~~~~~~~~~~~~~~~~~~~~~~~~~~~~~~~~~~~~~~~~~~~~~~~~~   ~~~~~~~~~
      |                                                    _isOpen(0                                              _memPolicy(MemoryControl::AllocationPolicy::HOST_MEM
./Tallies.hh:226:24: note: in instantiation of member function 'qs_vector<CellTallyTask>::qs_vector' requested here
  226 |    CellTallyDomain() : _task() {}
      |                        ^
In file included from CycleTracking.cc:3:
In file included from ./MonteCarlo.hh:6:
./QS_Vector.hh:35:58: warning: field '_memPolicy' will be initialized after field '_isOpen' [-Wreorder-ctor]
   35 |    : _data(0), _capacity(aa._capacity), _size(aa._size), _memPolicy(aa._memPolicy), _isOpen(aa._isOpen)
      |                                                          ^~~~~~~~~~~~~~~~~~~~~~~~   ~~~~~~~~~~~~~~~~~~
      |                                                          _isOpen(aa._isOpen         _memPolicy(aa._memPolicy
./QS_Vector.hh:63:23: note: in instantiation of member function 'qs_vector<long double>::qs_vector' requested here
   63 |          qs_vector<T> temp(aa);
      |                       ^
./Tallies.hh:128:7: note: in instantiation of member function 'qs_vector<long double>::operator=' requested here
  128 | class CellTallyTask
      |       ^
./Tallies.hh:238:17: note: in instantiation of member function 'qs_vector<CellTallyTask>::push_back' requested here
  238 |           _task.push_back(CellTallyTask(domain));
      |                 ^
In file included from CycleTracking.cc:3:
In file included from ./MonteCarlo.hh:6:
./QS_Vector.hh:16:52: warning: field '_memPolicy' will be initialized after field '_isOpen' [-Wreorder-ctor]
   16 |    qs_vector() : _data(0), _capacity(0), _size(0), _memPolicy(MemoryControl::AllocationPolicy::HOST_MEM), _isOpen(0) {};
      |                                                    ^~~~~~~~~~~~~~~~~~~~~~~~~~~~~~~~~~~~~~~~~~~~~~~~~~~~   ~~~~~~~~~
      |                                                    _isOpen(0                                              _memPolicy(MemoryControl::AllocationPolicy::HOST_MEM
./Tallies.hh:251:25: note: in instantiation of member function 'qs_vector<ScalarFluxTask>::qs_vector' requested here
  251 |    ScalarFluxDomain() : _task() {}
      |                         ^
In file included from CycleTracking.cc:3:
In file included from ./MonteCarlo.hh:6:
./QS_Vector.hh:35:58: warning: field '_memPolicy' will be initialized after field '_isOpen' [-Wreorder-ctor]
   35 |    : _data(0), _capacity(aa._capacity), _size(aa._size), _memPolicy(aa._memPolicy), _isOpen(aa._isOpen)
      |                                                          ^~~~~~~~~~~~~~~~~~~~~~~~   ~~~~~~~~~~~~~~~~~~
      |                                                          _isOpen(aa._isOpen         _memPolicy(aa._memPolicy
./QS_Vector.hh:63:23: note: in instantiation of member function 'qs_vector<ScalarFluxCell>::qs_vector' requested here
   63 |          qs_vector<T> temp(aa);
      |                       ^
./Tallies.hh:169:7: note: in instantiation of member function 'qs_vector<ScalarFluxCell>::operator=' requested here
  169 | class ScalarFluxTask
      |       ^
./Tallies.hh:263:17: note: in instantiation of member function 'qs_vector<ScalarFluxTask>::push_back' requested here
  263 |           _task.push_back(ScalarFluxTask(domain, numGroups));
      |                 ^
In file included from CycleTracking.cc:3:
In file included from ./MonteCarlo.hh:6:
./QS_Vector.hh:16:52: warning: field '_memPolicy' will be initialized after field '_isOpen' [-Wreorder-ctor]
   16 |    qs_vector() : _data(0), _capacity(0), _size(0), _memPolicy(MemoryControl::AllocationPolicy::HOST_MEM), _isOpen(0) {};
      |                                                    ^~~~~~~~~~~~~~~~~~~~~~~~~~~~~~~~~~~~~~~~~~~~~~~~~~~~   ~~~~~~~~~
      |                                                    _isOpen(0                                              _memPolicy(MemoryControl::AllocationPolicy::HOST_MEM
./Tallies.hh:314:31: note: in instantiation of member function 'qs_vector<Balance>::qs_vector' requested here
  314 |       : _balanceCumulative(), _balanceTask(),
      |                               ^
In file included from CycleTracking.cc:3:
In file included from ./MonteCarlo.hh:6:
./QS_Vector.hh:16:52: warning: field '_memPolicy' will be initialized after field '_isOpen' [-Wreorder-ctor]
   16 |    qs_vector() : _data(0), _capacity(0), _size(0), _memPolicy(MemoryControl::AllocationPolicy::HOST_MEM), _isOpen(0) {};
      |                                                    ^~~~~~~~~~~~~~~~~~~~~~~~~~~~~~~~~~~~~~~~~~~~~~~~~~~~   ~~~~~~~~~
      |                                                    _isOpen(0                                              _memPolicy(MemoryControl::AllocationPolicy::HOST_MEM
./Tallies.hh:315:9: note: in instantiation of member function 'qs_vector<ScalarFluxDomain>::qs_vector' requested here
  315 |         _scalarFluxDomain(), _num_balance_replications(balRep), 
      |         ^
In file included from CycleTracking.cc:3:
In file included from ./MonteCarlo.hh:6:
./QS_Vector.hh:16:52: warning: field '_memPolicy' will be initialized after field '_isOpen' [-Wreorder-ctor]
   16 |    qs_vector() : _data(0), _capacity(0), _size(0), _memPolicy(MemoryControl::AllocationPolicy::HOST_MEM), _isOpen(0) {};
      |                                                    ^~~~~~~~~~~~~~~~~~~~~~~~~~~~~~~~~~~~~~~~~~~~~~~~~~~~   ~~~~~~~~~
      |                                                    _isOpen(0                                              _memPolicy(MemoryControl::AllocationPolicy::HOST_MEM
./Tallies.hh:313:5: note: in instantiation of member function 'qs_vector<CellTallyDomain>::qs_vector' requested here
  313 |     Tallies( int balRep, int fluxRep, int cellRep, std::string spectrumName, int spectrumSize )
      |     ^
20 warnings generated.
clang++ -DQS_LD  -std=c++11 -g -O0 -include cstdint -Wformat -Wall -c DecompositionObject.cc -o DecompositionObject.o
clang++ -DQS_LD  -std=c++11 -g -O0 -include cstdint -Wformat -Wall -c DirectionCosine.cc -o DirectionCosine.o
clang++ -DQS_LD  -std=c++11 -g -O0 -include cstdint -Wformat -Wall -c EnergySpectrum.cc -o EnergySpectrum.o
In file included from EnergySpectrum.cc:2:
In file included from ./MonteCarlo.hh:8:
./Parameters.hh:104:6: warning: field 'boundaryCondition' will be initialized after field 'energySpectrum' [-Wreorder-ctor]
  103 |      crossSectionsOut(""),
      |      ~~~~~~~~~~~~~~~~~~~~
      |      energySpectrum("")
  104 |      boundaryCondition("reflect"),
      |      ^~~~~~~~~~~~~~~~~~~~~~~~~~~~
      |      crossSectionsOut("")
  105 |      energySpectrum(""),
      |      ~~~~~~~~~~~~~~~~~~
      |      boundaryCondition("reflect")
./Parameters.hh:171:1: warning: 'Parameters' defined as a struct here but previously declared as a class; this is valid, but may result in linker errors under the Microsoft C++ ABI [-Wmismatched-tags]
  171 | struct Parameters
      | ^
./MC_Domain.hh:14:1: note: did you mean struct here?
   14 | class Parameters;
      | ^~~~~
      | struct
In file included from EnergySpectrum.cc:3:
In file included from ./ParticleVault.hh:4:
In file included from ./MC_Base_Particle.hh:10:
In file included from ./MC_Particle.hh:9:
./Tallies.hh:316:42: warning: field '_num_cellTally_replications' will be initialized after field '_spectrum' [-Wreorder-ctor]
  315 |         _scalarFluxDomain(), _num_balance_replications(balRep), 
      |                              ~~~~~~~~~~~~~~~~~~~~~~~~~~~~~~~~~
      |                              _spectrum(spectrumName, spectrumSize)
  316 |         _num_flux_replications(fluxRep), _num_cellTally_replications(cellRep), 
      |         ~~~~~~~~~~~~~~~~~~~~~~~~~~~~~~~  ^~~~~~~~~~~~~~~~~~~~~~~~~~~~~~~~~~~~
      |         _num_balance_replications(balRep)_num_flux_replications(fluxRep)
  317 |         _spectrum(spectrumName, spectrumSize)
      |         ~~~~~~~~~~~~~~~~~~~~~~~~~~~~~~~~~~~~~
      |         _num_cellTally_replications(cellRep)
In file included from EnergySpectrum.cc:6:
./MC_Processor_Info.hh:18:7: warning: field 'comm_mc_world' will be initialized after field 'use_gpu' [-Wreorder-ctor]
   18 |     : comm_mc_world(MPI_COMM_WORLD),
      |       ^~~~~~~~~~~~~~~~~~~~~~~~~~~~~
      |       use_gpu(0)
   19 |       use_gpu(0),
      |       ~~~~~~~~~~
      |       gpu_id(0)
   20 |       gpu_id(0)
      |       ~~~~~~~~~
      |       comm_mc_world(MPI_COMM_WORLD)
In file included from EnergySpectrum.cc:2:
In file included from ./MonteCarlo.hh:6:
./QS_Vector.hh:16:52: warning: field '_memPolicy' will be initialized after field '_isOpen' [-Wreorder-ctor]
   16 |    qs_vector() : _data(0), _capacity(0), _size(0), _memPolicy(MemoryControl::AllocationPolicy::HOST_MEM), _isOpen(0) {};
      |                                                    ^~~~~~~~~~~~~~~~~~~~~~~~~~~~~~~~~~~~~~~~~~~~~~~~~~~~   ~~~~~~~~~
      |                                                    _isOpen(0                                              _memPolicy(MemoryControl::AllocationPolicy::HOST_MEM
./MC_Domain.hh:46:4: note: in instantiation of member function 'qs_vector<int>::qs_vector' requested here
   46 |    MC_Mesh_Domain(){};
      |    ^
In file included from EnergySpectrum.cc:2:
In file included from ./MonteCarlo.hh:6:
./QS_Vector.hh:16:52: warning: field '_memPolicy' will be initialized after field '_isOpen' [-Wreorder-ctor]
   16 |    qs_vector() : _data(0), _capacity(0), _size(0), _memPolicy(MemoryControl::AllocationPolicy::HOST_MEM), _isOpen(0) {};
      |                                                    ^~~~~~~~~~~~~~~~~~~~~~~~~~~~~~~~~~~~~~~~~~~~~~~~~~~~   ~~~~~~~~~
      |                                                    _isOpen(0                                              _memPolicy(MemoryControl::AllocationPolicy::HOST_MEM
./MC_Domain.hh:46:4: note: in instantiation of member function 'qs_vector<MC_Vector>::qs_vector' requested here
   46 |    MC_Mesh_Domain(){};
      |    ^
In file included from EnergySpectrum.cc:2:
In file included from ./MonteCarlo.hh:6:
./QS_Vector.hh:16:52: warning: field '_memPolicy' will be initialized after field '_isOpen' [-Wreorder-ctor]
   16 |    qs_vector() : _data(0), _capacity(0), _size(0), _memPolicy(MemoryControl::AllocationPolicy::HOST_MEM), _isOpen(0) {};
      |                                                    ^~~~~~~~~~~~~~~~~~~~~~~~~~~~~~~~~~~~~~~~~~~~~~~~~~~~   ~~~~~~~~~
      |                                                    _isOpen(0                                              _memPolicy(MemoryControl::AllocationPolicy::HOST_MEM
./MC_Domain.hh:46:4: note: in instantiation of member function 'qs_vector<MC_Facet_Adjacency_Cell>::qs_vector' requested here
   46 |    MC_Mesh_Domain(){};
      |    ^
In file included from EnergySpectrum.cc:2:
In file included from ./MonteCarlo.hh:6:
./QS_Vector.hh:16:52: warning: field '_memPolicy' will be initialized after field '_isOpen' [-Wreorder-ctor]
   16 |    qs_vector() : _data(0), _capacity(0), _size(0), _memPolicy(MemoryControl::AllocationPolicy::HOST_MEM), _isOpen(0) {};
      |                                                    ^~~~~~~~~~~~~~~~~~~~~~~~~~~~~~~~~~~~~~~~~~~~~~~~~~~~   ~~~~~~~~~
      |                                                    _isOpen(0                                              _memPolicy(MemoryControl::AllocationPolicy::HOST_MEM
./MC_Domain.hh:46:4: note: in instantiation of member function 'qs_vector<MC_Facet_Geometry_Cell>::qs_vector' requested here
   46 |    MC_Mesh_Domain(){};
      |    ^
In file included from EnergySpectrum.cc:2:
In file included from ./MonteCarlo.hh:6:
./QS_Vector.hh:16:52: warning: field '_memPolicy' will be initialized after field '_isOpen' [-Wreorder-ctor]
   16 |    qs_vector() : _data(0), _capacity(0), _size(0), _memPolicy(MemoryControl::AllocationPolicy::HOST_MEM), _isOpen(0) {};
      |                                                    ^~~~~~~~~~~~~~~~~~~~~~~~~~~~~~~~~~~~~~~~~~~~~~~~~~~~   ~~~~~~~~~
      |                                                    _isOpen(0                                              _memPolicy(MemoryControl::AllocationPolicy::HOST_MEM
./MC_Domain.hh:73:5: note: in instantiation of member function 'qs_vector<MC_Cell_State>::qs_vector' requested here
   73 |     MC_Domain(){};
      |     ^
In file included from EnergySpectrum.cc:2:
In file included from ./MonteCarlo.hh:6:
./QS_Vector.hh:16:52: warning: field '_memPolicy' will be initialized after field '_isOpen' [-Wreorder-ctor]
   16 |    qs_vector() : _data(0), _capacity(0), _size(0), _memPolicy(MemoryControl::AllocationPolicy::HOST_MEM), _isOpen(0) {};
      |                                                    ^~~~~~~~~~~~~~~~~~~~~~~~~~~~~~~~~~~~~~~~~~~~~~~~~~~~   ~~~~~~~~~
      |                                                    _isOpen(0                                              _memPolicy(MemoryControl::AllocationPolicy::HOST_MEM
./NuclearData.hh:44:4: note: in instantiation of member function 'qs_vector<long double>::qs_vector' requested here
   44 |    NuclearDataReaction(){};
      |    ^
In file included from EnergySpectrum.cc:2:
In file included from ./MonteCarlo.hh:6:
./QS_Vector.hh:19:46: warning: field '_memPolicy' will be initialized after field '_isOpen' [-Wreorder-ctor]
   19 |    : _data(0), _capacity(size), _size(size), _memPolicy(memPolicy), _isOpen(0) 
      |                                              ^~~~~~~~~~~~~~~~~~~~   ~~~~~~~~~
      |                                              _isOpen(0              _memPolicy(memPolicy
./NuclearData.hh:80:6: note: in instantiation of member function 'qs_vector<NuclearDataSpecies>::qs_vector' requested here
   80 |    : _species(1,VAR_MEM){}
      |      ^
In file included from EnergySpectrum.cc:2:
In file included from ./MonteCarlo.hh:6:
./QS_Vector.hh:16:52: warning: field '_memPolicy' will be initialized after field '_isOpen' [-Wreorder-ctor]
   16 |    qs_vector() : _data(0), _capacity(0), _size(0), _memPolicy(MemoryControl::AllocationPolicy::HOST_MEM), _isOpen(0) {};
      |                                                    ^~~~~~~~~~~~~~~~~~~~~~~~~~~~~~~~~~~~~~~~~~~~~~~~~~~~   ~~~~~~~~~
      |                                                    _isOpen(0                                              _memPolicy(MemoryControl::AllocationPolicy::HOST_MEM
./NuclearData.hh:64:7: note: in instantiation of member function 'qs_vector<NuclearDataReaction>::qs_vector' requested here
   64 | class NuclearDataSpecies
      |       ^
./QS_Vector.hh:21:30: note: in instantiation of function template specialization 'MemoryControl::allocate<NuclearDataSpecies>' requested here
   21 |       _data = MemoryControl::allocate<T>(size, memPolicy);
      |                              ^
./NuclearData.hh:80:6: note: in instantiation of member function 'qs_vector<NuclearDataSpecies>::qs_vector' requested here
   80 |    : _species(1,VAR_MEM){}
      |      ^
In file included from EnergySpectrum.cc:2:
In file included from ./MonteCarlo.hh:6:
./QS_Vector.hh:16:52: warning: field '_memPolicy' will be initialized after field '_isOpen' [-Wreorder-ctor]
   16 |    qs_vector() : _data(0), _capacity(0), _size(0), _memPolicy(MemoryControl::AllocationPolicy::HOST_MEM), _isOpen(0) {};
      |                                                    ^~~~~~~~~~~~~~~~~~~~~~~~~~~~~~~~~~~~~~~~~~~~~~~~~~~~   ~~~~~~~~~
      |                                                    _isOpen(0                                              _memPolicy(MemoryControl::AllocationPolicy::HOST_MEM
./Tallies.hh:175:23: note: in instantiation of member function 'qs_vector<ScalarFluxCell>::qs_vector' requested here
  175 |    ScalarFluxTask() : _cell() {}
      |                       ^
In file included from EnergySpectrum.cc:2:
In file included from ./MonteCarlo.hh:6:
./QS_Vector.hh:16:52: warning: field '_memPolicy' will be initialized after field '_isOpen' [-Wreorder-ctor]
   16 |    qs_vector() : _data(0), _capacity(0), _size(0), _memPolicy(MemoryControl::AllocationPolicy::HOST_MEM), _isOpen(0) {};
      |                                                    ^~~~~~~~~~~~~~~~~~~~~~~~~~~~~~~~~~~~~~~~~~~~~~~~~~~~   ~~~~~~~~~
      |                                                    _isOpen(0                                              _memPolicy(MemoryControl::AllocationPolicy::HOST_MEM
./Tallies.hh:226:24: note: in instantiation of member function 'qs_vector<CellTallyTask>::qs_vector' requested here
  226 |    CellTallyDomain() : _task() {}
      |                        ^
In file included from EnergySpectrum.cc:2:
In file included from ./MonteCarlo.hh:6:
./QS_Vector.hh:35:58: warning: field '_memPolicy' will be initialized after field '_isOpen' [-Wreorder-ctor]
   35 |    : _data(0), _capacity(aa._capacity), _size(aa._size), _memPolicy(aa._memPolicy), _isOpen(aa._isOpen)
      |                                                          ^~~~~~~~~~~~~~~~~~~~~~~~   ~~~~~~~~~~~~~~~~~~
      |                                                          _isOpen(aa._isOpen         _memPolicy(aa._memPolicy
./QS_Vector.hh:63:23: note: in instantiation of member function 'qs_vector<long double>::qs_vector' requested here
   63 |          qs_vector<T> temp(aa);
      |                       ^
./Tallies.hh:128:7: note: in instantiation of member function 'qs_vector<long double>::operator=' requested here
  128 | class CellTallyTask
      |       ^
./Tallies.hh:238:17: note: in instantiation of member function 'qs_vector<CellTallyTask>::push_back' requested here
  238 |           _task.push_back(CellTallyTask(domain));
      |                 ^
In file included from EnergySpectrum.cc:2:
In file included from ./MonteCarlo.hh:6:
./QS_Vector.hh:16:52: warning: field '_memPolicy' will be initialized after field '_isOpen' [-Wreorder-ctor]
   16 |    qs_vector() : _data(0), _capacity(0), _size(0), _memPolicy(MemoryControl::AllocationPolicy::HOST_MEM), _isOpen(0) {};
      |                                                    ^~~~~~~~~~~~~~~~~~~~~~~~~~~~~~~~~~~~~~~~~~~~~~~~~~~~   ~~~~~~~~~
      |                                                    _isOpen(0                                              _memPolicy(MemoryControl::AllocationPolicy::HOST_MEM
./Tallies.hh:251:25: note: in instantiation of member function 'qs_vector<ScalarFluxTask>::qs_vector' requested here
  251 |    ScalarFluxDomain() : _task() {}
      |                         ^
In file included from EnergySpectrum.cc:2:
In file included from ./MonteCarlo.hh:6:
./QS_Vector.hh:35:58: warning: field '_memPolicy' will be initialized after field '_isOpen' [-Wreorder-ctor]
   35 |    : _data(0), _capacity(aa._capacity), _size(aa._size), _memPolicy(aa._memPolicy), _isOpen(aa._isOpen)
      |                                                          ^~~~~~~~~~~~~~~~~~~~~~~~   ~~~~~~~~~~~~~~~~~~
      |                                                          _isOpen(aa._isOpen         _memPolicy(aa._memPolicy
./QS_Vector.hh:63:23: note: in instantiation of member function 'qs_vector<ScalarFluxCell>::qs_vector' requested here
   63 |          qs_vector<T> temp(aa);
      |                       ^
./Tallies.hh:169:7: note: in instantiation of member function 'qs_vector<ScalarFluxCell>::operator=' requested here
  169 | class ScalarFluxTask
      |       ^
./Tallies.hh:263:17: note: in instantiation of member function 'qs_vector<ScalarFluxTask>::push_back' requested here
  263 |           _task.push_back(ScalarFluxTask(domain, numGroups));
      |                 ^
In file included from EnergySpectrum.cc:2:
In file included from ./MonteCarlo.hh:6:
./QS_Vector.hh:16:52: warning: field '_memPolicy' will be initialized after field '_isOpen' [-Wreorder-ctor]
   16 |    qs_vector() : _data(0), _capacity(0), _size(0), _memPolicy(MemoryControl::AllocationPolicy::HOST_MEM), _isOpen(0) {};
      |                                                    ^~~~~~~~~~~~~~~~~~~~~~~~~~~~~~~~~~~~~~~~~~~~~~~~~~~~   ~~~~~~~~~
      |                                                    _isOpen(0                                              _memPolicy(MemoryControl::AllocationPolicy::HOST_MEM
./Tallies.hh:314:31: note: in instantiation of member function 'qs_vector<Balance>::qs_vector' requested here
  314 |       : _balanceCumulative(), _balanceTask(),
      |                               ^
In file included from EnergySpectrum.cc:2:
In file included from ./MonteCarlo.hh:6:
./QS_Vector.hh:16:52: warning: field '_memPolicy' will be initialized after field '_isOpen' [-Wreorder-ctor]
   16 |    qs_vector() : _data(0), _capacity(0), _size(0), _memPolicy(MemoryControl::AllocationPolicy::HOST_MEM), _isOpen(0) {};
      |                                                    ^~~~~~~~~~~~~~~~~~~~~~~~~~~~~~~~~~~~~~~~~~~~~~~~~~~~   ~~~~~~~~~
      |                                                    _isOpen(0                                              _memPolicy(MemoryControl::AllocationPolicy::HOST_MEM
./Tallies.hh:315:9: note: in instantiation of member function 'qs_vector<ScalarFluxDomain>::qs_vector' requested here
  315 |         _scalarFluxDomain(), _num_balance_replications(balRep), 
      |         ^
In file included from EnergySpectrum.cc:2:
In file included from ./MonteCarlo.hh:6:
./QS_Vector.hh:16:52: warning: field '_memPolicy' will be initialized after field '_isOpen' [-Wreorder-ctor]
   16 |    qs_vector() : _data(0), _capacity(0), _size(0), _memPolicy(MemoryControl::AllocationPolicy::HOST_MEM), _isOpen(0) {};
      |                                                    ^~~~~~~~~~~~~~~~~~~~~~~~~~~~~~~~~~~~~~~~~~~~~~~~~~~~   ~~~~~~~~~
      |                                                    _isOpen(0                                              _memPolicy(MemoryControl::AllocationPolicy::HOST_MEM
./Tallies.hh:313:5: note: in instantiation of member function 'qs_vector<CellTallyDomain>::qs_vector' requested here
  313 |     Tallies( int balRep, int fluxRep, int cellRep, std::string spectrumName, int spectrumSize )
      |     ^
20 warnings generated.
clang++ -DQS_LD  -std=c++11 -g -O0 -include cstdint -Wformat -Wall -c GlobalFccGrid.cc -o GlobalFccGrid.o
In file included from GlobalFccGrid.cc:1:
In file included from ./GlobalFccGrid.hh:7:
./TupleToIndex.hh:18:12: warning: private field 'nz_' is not used [-Wunused-private-field]
   18 |     Long64 nz_;
      |            ^
In file included from GlobalFccGrid.cc:1:
In file included from ./GlobalFccGrid.hh:8:
./IndexToTuple.hh:27:8: warning: private field 'nz_' is not used [-Wunused-private-field]
   27 |    int nz_;
      |        ^
In file included from GlobalFccGrid.cc:1:
In file included from ./GlobalFccGrid.hh:9:
./Tuple4ToIndex.hh:19:11: warning: private field 'nb_' is not used [-Wunused-private-field]
   19 |    Long64 nb_;
      |           ^
In file included from GlobalFccGrid.cc:1:
In file included from ./GlobalFccGrid.hh:10:
./IndexToTuple4.hh:30:8: warning: private field 'nb_' is not used [-Wunused-private-field]
   30 |    int nb_;
      |        ^
4 warnings generated.
clang++ -DQS_LD  -std=c++11 -g -O0 -include cstdint -Wformat -Wall -c GridAssignmentObject.cc -o GridAssignmentObject.o
clang++ -DQS_LD  -std=c++11 -g -O0 -include cstdint -Wformat -Wall -c InputBlock.cc -o InputBlock.o
clang++ -DQS_LD  -std=c++11 -g -O0 -include cstdint -Wformat -Wall -c MCT.cc -o MCT.o
In file included from MCT.cc:7:
In file included from ./MonteCarlo.hh:8:
./Parameters.hh:104:6: warning: field 'boundaryCondition' will be initialized after field 'energySpectrum' [-Wreorder-ctor]
  103 |      crossSectionsOut(""),
      |      ~~~~~~~~~~~~~~~~~~~~
      |      energySpectrum("")
  104 |      boundaryCondition("reflect"),
      |      ^~~~~~~~~~~~~~~~~~~~~~~~~~~~
      |      crossSectionsOut("")
  105 |      energySpectrum(""),
      |      ~~~~~~~~~~~~~~~~~~
      |      boundaryCondition("reflect")
./Parameters.hh:171:1: warning: 'Parameters' defined as a struct here but previously declared as a class; this is valid, but may result in linker errors under the Microsoft C++ ABI [-Wmismatched-tags]
  171 | struct Parameters
      | ^
./MC_Domain.hh:14:1: note: did you mean struct here?
   14 | class Parameters;
      | ^~~~~
      | struct
In file included from MCT.cc:9:
In file included from ./MC_Particle.hh:9:
./Tallies.hh:316:42: warning: field '_num_cellTally_replications' will be initialized after field '_spectrum' [-Wreorder-ctor]
  315 |         _scalarFluxDomain(), _num_balance_replications(balRep), 
      |                              ~~~~~~~~~~~~~~~~~~~~~~~~~~~~~~~~~
      |                              _spectrum(spectrumName, spectrumSize)
  316 |         _num_flux_replications(fluxRep), _num_cellTally_replications(cellRep), 
      |         ~~~~~~~~~~~~~~~~~~~~~~~~~~~~~~~  ^~~~~~~~~~~~~~~~~~~~~~~~~~~~~~~~~~~~
      |         _num_balance_replications(balRep)_num_flux_replications(fluxRep)
  317 |         _spectrum(spectrumName, spectrumSize)
      |         ~~~~~~~~~~~~~~~~~~~~~~~~~~~~~~~~~~~~~
      |         _num_cellTally_replications(cellRep)
In file included from MCT.cc:7:
In file included from ./MonteCarlo.hh:6:
./QS_Vector.hh:16:52: warning: field '_memPolicy' will be initialized after field '_isOpen' [-Wreorder-ctor]
   16 |    qs_vector() : _data(0), _capacity(0), _size(0), _memPolicy(MemoryControl::AllocationPolicy::HOST_MEM), _isOpen(0) {};
      |                                                    ^~~~~~~~~~~~~~~~~~~~~~~~~~~~~~~~~~~~~~~~~~~~~~~~~~~~   ~~~~~~~~~
      |                                                    _isOpen(0                                              _memPolicy(MemoryControl::AllocationPolicy::HOST_MEM
./MC_Domain.hh:46:4: note: in instantiation of member function 'qs_vector<int>::qs_vector' requested here
   46 |    MC_Mesh_Domain(){};
      |    ^
In file included from MCT.cc:7:
In file included from ./MonteCarlo.hh:6:
./QS_Vector.hh:16:52: warning: field '_memPolicy' will be initialized after field '_isOpen' [-Wreorder-ctor]
   16 |    qs_vector() : _data(0), _capacity(0), _size(0), _memPolicy(MemoryControl::AllocationPolicy::HOST_MEM), _isOpen(0) {};
      |                                                    ^~~~~~~~~~~~~~~~~~~~~~~~~~~~~~~~~~~~~~~~~~~~~~~~~~~~   ~~~~~~~~~
      |                                                    _isOpen(0                                              _memPolicy(MemoryControl::AllocationPolicy::HOST_MEM
./MC_Domain.hh:46:4: note: in instantiation of member function 'qs_vector<MC_Vector>::qs_vector' requested here
   46 |    MC_Mesh_Domain(){};
      |    ^
In file included from MCT.cc:7:
In file included from ./MonteCarlo.hh:6:
./QS_Vector.hh:16:52: warning: field '_memPolicy' will be initialized after field '_isOpen' [-Wreorder-ctor]
   16 |    qs_vector() : _data(0), _capacity(0), _size(0), _memPolicy(MemoryControl::AllocationPolicy::HOST_MEM), _isOpen(0) {};
      |                                                    ^~~~~~~~~~~~~~~~~~~~~~~~~~~~~~~~~~~~~~~~~~~~~~~~~~~~   ~~~~~~~~~
      |                                                    _isOpen(0                                              _memPolicy(MemoryControl::AllocationPolicy::HOST_MEM
./MC_Domain.hh:46:4: note: in instantiation of member function 'qs_vector<MC_Facet_Adjacency_Cell>::qs_vector' requested here
   46 |    MC_Mesh_Domain(){};
      |    ^
In file included from MCT.cc:7:
In file included from ./MonteCarlo.hh:6:
./QS_Vector.hh:16:52: warning: field '_memPolicy' will be initialized after field '_isOpen' [-Wreorder-ctor]
   16 |    qs_vector() : _data(0), _capacity(0), _size(0), _memPolicy(MemoryControl::AllocationPolicy::HOST_MEM), _isOpen(0) {};
      |                                                    ^~~~~~~~~~~~~~~~~~~~~~~~~~~~~~~~~~~~~~~~~~~~~~~~~~~~   ~~~~~~~~~
      |                                                    _isOpen(0                                              _memPolicy(MemoryControl::AllocationPolicy::HOST_MEM
./MC_Domain.hh:46:4: note: in instantiation of member function 'qs_vector<MC_Facet_Geometry_Cell>::qs_vector' requested here
   46 |    MC_Mesh_Domain(){};
      |    ^
In file included from MCT.cc:7:
In file included from ./MonteCarlo.hh:6:
./QS_Vector.hh:16:52: warning: field '_memPolicy' will be initialized after field '_isOpen' [-Wreorder-ctor]
   16 |    qs_vector() : _data(0), _capacity(0), _size(0), _memPolicy(MemoryControl::AllocationPolicy::HOST_MEM), _isOpen(0) {};
      |                                                    ^~~~~~~~~~~~~~~~~~~~~~~~~~~~~~~~~~~~~~~~~~~~~~~~~~~~   ~~~~~~~~~
      |                                                    _isOpen(0                                              _memPolicy(MemoryControl::AllocationPolicy::HOST_MEM
./MC_Domain.hh:73:5: note: in instantiation of member function 'qs_vector<MC_Cell_State>::qs_vector' requested here
   73 |     MC_Domain(){};
      |     ^
In file included from MCT.cc:7:
In file included from ./MonteCarlo.hh:6:
./QS_Vector.hh:16:52: warning: field '_memPolicy' will be initialized after field '_isOpen' [-Wreorder-ctor]
   16 |    qs_vector() : _data(0), _capacity(0), _size(0), _memPolicy(MemoryControl::AllocationPolicy::HOST_MEM), _isOpen(0) {};
      |                                                    ^~~~~~~~~~~~~~~~~~~~~~~~~~~~~~~~~~~~~~~~~~~~~~~~~~~~   ~~~~~~~~~
      |                                                    _isOpen(0                                              _memPolicy(MemoryControl::AllocationPolicy::HOST_MEM
./NuclearData.hh:44:4: note: in instantiation of member function 'qs_vector<long double>::qs_vector' requested here
   44 |    NuclearDataReaction(){};
      |    ^
In file included from MCT.cc:7:
In file included from ./MonteCarlo.hh:6:
./QS_Vector.hh:19:46: warning: field '_memPolicy' will be initialized after field '_isOpen' [-Wreorder-ctor]
   19 |    : _data(0), _capacity(size), _size(size), _memPolicy(memPolicy), _isOpen(0) 
      |                                              ^~~~~~~~~~~~~~~~~~~~   ~~~~~~~~~
      |                                              _isOpen(0              _memPolicy(memPolicy
./NuclearData.hh:80:6: note: in instantiation of member function 'qs_vector<NuclearDataSpecies>::qs_vector' requested here
   80 |    : _species(1,VAR_MEM){}
      |      ^
In file included from MCT.cc:7:
In file included from ./MonteCarlo.hh:6:
./QS_Vector.hh:16:52: warning: field '_memPolicy' will be initialized after field '_isOpen' [-Wreorder-ctor]
   16 |    qs_vector() : _data(0), _capacity(0), _size(0), _memPolicy(MemoryControl::AllocationPolicy::HOST_MEM), _isOpen(0) {};
      |                                                    ^~~~~~~~~~~~~~~~~~~~~~~~~~~~~~~~~~~~~~~~~~~~~~~~~~~~   ~~~~~~~~~
      |                                                    _isOpen(0                                              _memPolicy(MemoryControl::AllocationPolicy::HOST_MEM
./NuclearData.hh:64:7: note: in instantiation of member function 'qs_vector<NuclearDataReaction>::qs_vector' requested here
   64 | class NuclearDataSpecies
      |       ^
./QS_Vector.hh:21:30: note: in instantiation of function template specialization 'MemoryControl::allocate<NuclearDataSpecies>' requested here
   21 |       _data = MemoryControl::allocate<T>(size, memPolicy);
      |                              ^
./NuclearData.hh:80:6: note: in instantiation of member function 'qs_vector<NuclearDataSpecies>::qs_vector' requested here
   80 |    : _species(1,VAR_MEM){}
      |      ^
In file included from MCT.cc:7:
In file included from ./MonteCarlo.hh:6:
./QS_Vector.hh:16:52: warning: field '_memPolicy' will be initialized after field '_isOpen' [-Wreorder-ctor]
   16 |    qs_vector() : _data(0), _capacity(0), _size(0), _memPolicy(MemoryControl::AllocationPolicy::HOST_MEM), _isOpen(0) {};
      |                                                    ^~~~~~~~~~~~~~~~~~~~~~~~~~~~~~~~~~~~~~~~~~~~~~~~~~~~   ~~~~~~~~~
      |                                                    _isOpen(0                                              _memPolicy(MemoryControl::AllocationPolicy::HOST_MEM
./Tallies.hh:175:23: note: in instantiation of member function 'qs_vector<ScalarFluxCell>::qs_vector' requested here
  175 |    ScalarFluxTask() : _cell() {}
      |                       ^
In file included from MCT.cc:7:
In file included from ./MonteCarlo.hh:6:
./QS_Vector.hh:16:52: warning: field '_memPolicy' will be initialized after field '_isOpen' [-Wreorder-ctor]
   16 |    qs_vector() : _data(0), _capacity(0), _size(0), _memPolicy(MemoryControl::AllocationPolicy::HOST_MEM), _isOpen(0) {};
      |                                                    ^~~~~~~~~~~~~~~~~~~~~~~~~~~~~~~~~~~~~~~~~~~~~~~~~~~~   ~~~~~~~~~
      |                                                    _isOpen(0                                              _memPolicy(MemoryControl::AllocationPolicy::HOST_MEM
./Tallies.hh:226:24: note: in instantiation of member function 'qs_vector<CellTallyTask>::qs_vector' requested here
  226 |    CellTallyDomain() : _task() {}
      |                        ^
In file included from MCT.cc:7:
In file included from ./MonteCarlo.hh:6:
./QS_Vector.hh:35:58: warning: field '_memPolicy' will be initialized after field '_isOpen' [-Wreorder-ctor]
   35 |    : _data(0), _capacity(aa._capacity), _size(aa._size), _memPolicy(aa._memPolicy), _isOpen(aa._isOpen)
      |                                                          ^~~~~~~~~~~~~~~~~~~~~~~~   ~~~~~~~~~~~~~~~~~~
      |                                                          _isOpen(aa._isOpen         _memPolicy(aa._memPolicy
./QS_Vector.hh:63:23: note: in instantiation of member function 'qs_vector<long double>::qs_vector' requested here
   63 |          qs_vector<T> temp(aa);
      |                       ^
./Tallies.hh:128:7: note: in instantiation of member function 'qs_vector<long double>::operator=' requested here
  128 | class CellTallyTask
      |       ^
./Tallies.hh:238:17: note: in instantiation of member function 'qs_vector<CellTallyTask>::push_back' requested here
  238 |           _task.push_back(CellTallyTask(domain));
      |                 ^
In file included from MCT.cc:7:
In file included from ./MonteCarlo.hh:6:
./QS_Vector.hh:16:52: warning: field '_memPolicy' will be initialized after field '_isOpen' [-Wreorder-ctor]
   16 |    qs_vector() : _data(0), _capacity(0), _size(0), _memPolicy(MemoryControl::AllocationPolicy::HOST_MEM), _isOpen(0) {};
      |                                                    ^~~~~~~~~~~~~~~~~~~~~~~~~~~~~~~~~~~~~~~~~~~~~~~~~~~~   ~~~~~~~~~
      |                                                    _isOpen(0                                              _memPolicy(MemoryControl::AllocationPolicy::HOST_MEM
./Tallies.hh:251:25: note: in instantiation of member function 'qs_vector<ScalarFluxTask>::qs_vector' requested here
  251 |    ScalarFluxDomain() : _task() {}
      |                         ^
In file included from MCT.cc:7:
In file included from ./MonteCarlo.hh:6:
./QS_Vector.hh:35:58: warning: field '_memPolicy' will be initialized after field '_isOpen' [-Wreorder-ctor]
   35 |    : _data(0), _capacity(aa._capacity), _size(aa._size), _memPolicy(aa._memPolicy), _isOpen(aa._isOpen)
      |                                                          ^~~~~~~~~~~~~~~~~~~~~~~~   ~~~~~~~~~~~~~~~~~~
      |                                                          _isOpen(aa._isOpen         _memPolicy(aa._memPolicy
./QS_Vector.hh:63:23: note: in instantiation of member function 'qs_vector<ScalarFluxCell>::qs_vector' requested here
   63 |          qs_vector<T> temp(aa);
      |                       ^
./Tallies.hh:169:7: note: in instantiation of member function 'qs_vector<ScalarFluxCell>::operator=' requested here
  169 | class ScalarFluxTask
      |       ^
./Tallies.hh:263:17: note: in instantiation of member function 'qs_vector<ScalarFluxTask>::push_back' requested here
  263 |           _task.push_back(ScalarFluxTask(domain, numGroups));
      |                 ^
In file included from MCT.cc:7:
In file included from ./MonteCarlo.hh:6:
./QS_Vector.hh:16:52: warning: field '_memPolicy' will be initialized after field '_isOpen' [-Wreorder-ctor]
   16 |    qs_vector() : _data(0), _capacity(0), _size(0), _memPolicy(MemoryControl::AllocationPolicy::HOST_MEM), _isOpen(0) {};
      |                                                    ^~~~~~~~~~~~~~~~~~~~~~~~~~~~~~~~~~~~~~~~~~~~~~~~~~~~   ~~~~~~~~~
      |                                                    _isOpen(0                                              _memPolicy(MemoryControl::AllocationPolicy::HOST_MEM
./Tallies.hh:314:31: note: in instantiation of member function 'qs_vector<Balance>::qs_vector' requested here
  314 |       : _balanceCumulative(), _balanceTask(),
      |                               ^
In file included from MCT.cc:7:
In file included from ./MonteCarlo.hh:6:
./QS_Vector.hh:16:52: warning: field '_memPolicy' will be initialized after field '_isOpen' [-Wreorder-ctor]
   16 |    qs_vector() : _data(0), _capacity(0), _size(0), _memPolicy(MemoryControl::AllocationPolicy::HOST_MEM), _isOpen(0) {};
      |                                                    ^~~~~~~~~~~~~~~~~~~~~~~~~~~~~~~~~~~~~~~~~~~~~~~~~~~~   ~~~~~~~~~
      |                                                    _isOpen(0                                              _memPolicy(MemoryControl::AllocationPolicy::HOST_MEM
./Tallies.hh:315:9: note: in instantiation of member function 'qs_vector<ScalarFluxDomain>::qs_vector' requested here
  315 |         _scalarFluxDomain(), _num_balance_replications(balRep), 
      |         ^
In file included from MCT.cc:7:
In file included from ./MonteCarlo.hh:6:
./QS_Vector.hh:16:52: warning: field '_memPolicy' will be initialized after field '_isOpen' [-Wreorder-ctor]
   16 |    qs_vector() : _data(0), _capacity(0), _size(0), _memPolicy(MemoryControl::AllocationPolicy::HOST_MEM), _isOpen(0) {};
      |                                                    ^~~~~~~~~~~~~~~~~~~~~~~~~~~~~~~~~~~~~~~~~~~~~~~~~~~~   ~~~~~~~~~
      |                                                    _isOpen(0                                              _memPolicy(MemoryControl::AllocationPolicy::HOST_MEM
./Tallies.hh:313:5: note: in instantiation of member function 'qs_vector<CellTallyDomain>::qs_vector' requested here
  313 |     Tallies( int balRep, int fluxRep, int cellRep, std::string spectrumName, int spectrumSize )
      |     ^
19 warnings generated.
clang++ -DQS_LD  -std=c++11 -g -O0 -include cstdint -Wformat -Wall -c MC_Adjacent_Facet.cc -o MC_Adjacent_Facet.o
In file included from MC_Adjacent_Facet.cc:4:
In file included from ./MonteCarlo.hh:8:
./Parameters.hh:104:6: warning: field 'boundaryCondition' will be initialized after field 'energySpectrum' [-Wreorder-ctor]
  103 |      crossSectionsOut(""),
      |      ~~~~~~~~~~~~~~~~~~~~
      |      energySpectrum("")
  104 |      boundaryCondition("reflect"),
      |      ^~~~~~~~~~~~~~~~~~~~~~~~~~~~
      |      crossSectionsOut("")
  105 |      energySpectrum(""),
      |      ~~~~~~~~~~~~~~~~~~
      |      boundaryCondition("reflect")
./Parameters.hh:171:1: warning: 'Parameters' defined as a struct here but previously declared as a class; this is valid, but may result in linker errors under the Microsoft C++ ABI [-Wmismatched-tags]
  171 | struct Parameters
      | ^
./MC_Domain.hh:14:1: note: did you mean struct here?
   14 | class Parameters;
      | ^~~~~
      | struct
In file included from MC_Adjacent_Facet.cc:2:
In file included from ./MC_Domain.hh:7:
./QS_Vector.hh:16:52: warning: field '_memPolicy' will be initialized after field '_isOpen' [-Wreorder-ctor]
   16 |    qs_vector() : _data(0), _capacity(0), _size(0), _memPolicy(MemoryControl::AllocationPolicy::HOST_MEM), _isOpen(0) {};
      |                                                    ^~~~~~~~~~~~~~~~~~~~~~~~~~~~~~~~~~~~~~~~~~~~~~~~~~~~   ~~~~~~~~~
      |                                                    _isOpen(0                                              _memPolicy(MemoryControl::AllocationPolicy::HOST_MEM
./MC_Domain.hh:46:4: note: in instantiation of member function 'qs_vector<int>::qs_vector' requested here
   46 |    MC_Mesh_Domain(){};
      |    ^
In file included from MC_Adjacent_Facet.cc:2:
In file included from ./MC_Domain.hh:7:
./QS_Vector.hh:16:52: warning: field '_memPolicy' will be initialized after field '_isOpen' [-Wreorder-ctor]
   16 |    qs_vector() : _data(0), _capacity(0), _size(0), _memPolicy(MemoryControl::AllocationPolicy::HOST_MEM), _isOpen(0) {};
      |                                                    ^~~~~~~~~~~~~~~~~~~~~~~~~~~~~~~~~~~~~~~~~~~~~~~~~~~~   ~~~~~~~~~
      |                                                    _isOpen(0                                              _memPolicy(MemoryControl::AllocationPolicy::HOST_MEM
./MC_Domain.hh:46:4: note: in instantiation of member function 'qs_vector<MC_Vector>::qs_vector' requested here
   46 |    MC_Mesh_Domain(){};
      |    ^
In file included from MC_Adjacent_Facet.cc:2:
In file included from ./MC_Domain.hh:7:
./QS_Vector.hh:16:52: warning: field '_memPolicy' will be initialized after field '_isOpen' [-Wreorder-ctor]
   16 |    qs_vector() : _data(0), _capacity(0), _size(0), _memPolicy(MemoryControl::AllocationPolicy::HOST_MEM), _isOpen(0) {};
      |                                                    ^~~~~~~~~~~~~~~~~~~~~~~~~~~~~~~~~~~~~~~~~~~~~~~~~~~~   ~~~~~~~~~
      |                                                    _isOpen(0                                              _memPolicy(MemoryControl::AllocationPolicy::HOST_MEM
./MC_Domain.hh:46:4: note: in instantiation of member function 'qs_vector<MC_Facet_Adjacency_Cell>::qs_vector' requested here
   46 |    MC_Mesh_Domain(){};
      |    ^
In file included from MC_Adjacent_Facet.cc:2:
In file included from ./MC_Domain.hh:7:
./QS_Vector.hh:16:52: warning: field '_memPolicy' will be initialized after field '_isOpen' [-Wreorder-ctor]
   16 |    qs_vector() : _data(0), _capacity(0), _size(0), _memPolicy(MemoryControl::AllocationPolicy::HOST_MEM), _isOpen(0) {};
      |                                                    ^~~~~~~~~~~~~~~~~~~~~~~~~~~~~~~~~~~~~~~~~~~~~~~~~~~~   ~~~~~~~~~
      |                                                    _isOpen(0                                              _memPolicy(MemoryControl::AllocationPolicy::HOST_MEM
./MC_Domain.hh:46:4: note: in instantiation of member function 'qs_vector<MC_Facet_Geometry_Cell>::qs_vector' requested here
   46 |    MC_Mesh_Domain(){};
      |    ^
In file included from MC_Adjacent_Facet.cc:2:
In file included from ./MC_Domain.hh:7:
./QS_Vector.hh:16:52: warning: field '_memPolicy' will be initialized after field '_isOpen' [-Wreorder-ctor]
   16 |    qs_vector() : _data(0), _capacity(0), _size(0), _memPolicy(MemoryControl::AllocationPolicy::HOST_MEM), _isOpen(0) {};
      |                                                    ^~~~~~~~~~~~~~~~~~~~~~~~~~~~~~~~~~~~~~~~~~~~~~~~~~~~   ~~~~~~~~~
      |                                                    _isOpen(0                                              _memPolicy(MemoryControl::AllocationPolicy::HOST_MEM
./MC_Domain.hh:73:5: note: in instantiation of member function 'qs_vector<MC_Cell_State>::qs_vector' requested here
   73 |     MC_Domain(){};
      |     ^
7 warnings generated.
clang++ -DQS_LD  -std=c++11 -g -O0 -include cstdint -Wformat -Wall -c MC_Base_Particle.cc -o MC_Base_Particle.o
In file included from MC_Base_Particle.cc:1:
In file included from ./MC_Base_Particle.hh:10:
In file included from ./MC_Particle.hh:9:
In file included from ./Tallies.hh:13:
In file included from ./MonteCarlo.hh:8:
./Parameters.hh:104:6: warning: field 'boundaryCondition' will be initialized after field 'energySpectrum' [-Wreorder-ctor]
  103 |      crossSectionsOut(""),
      |      ~~~~~~~~~~~~~~~~~~~~
      |      energySpectrum("")
  104 |      boundaryCondition("reflect"),
      |      ^~~~~~~~~~~~~~~~~~~~~~~~~~~~
      |      crossSectionsOut("")
  105 |      energySpectrum(""),
      |      ~~~~~~~~~~~~~~~~~~
      |      boundaryCondition("reflect")
./Parameters.hh:171:1: warning: 'Parameters' defined as a struct here but previously declared as a class; this is valid, but may result in linker errors under the Microsoft C++ ABI [-Wmismatched-tags]
  171 | struct Parameters
      | ^
./MC_Domain.hh:14:1: note: did you mean struct here?
   14 | class Parameters;
      | ^~~~~
      | struct
In file included from MC_Base_Particle.cc:1:
In file included from ./MC_Base_Particle.hh:10:
In file included from ./MC_Particle.hh:9:
./Tallies.hh:316:42: warning: field '_num_cellTally_replications' will be initialized after field '_spectrum' [-Wreorder-ctor]
  315 |         _scalarFluxDomain(), _num_balance_replications(balRep), 
      |                              ~~~~~~~~~~~~~~~~~~~~~~~~~~~~~~~~~
      |                              _spectrum(spectrumName, spectrumSize)
  316 |         _num_flux_replications(fluxRep), _num_cellTally_replications(cellRep), 
      |         ~~~~~~~~~~~~~~~~~~~~~~~~~~~~~~~  ^~~~~~~~~~~~~~~~~~~~~~~~~~~~~~~~~~~~
      |         _num_balance_replications(balRep)_num_flux_replications(fluxRep)
  317 |         _spectrum(spectrumName, spectrumSize)
      |         ~~~~~~~~~~~~~~~~~~~~~~~~~~~~~~~~~~~~~
      |         _num_cellTally_replications(cellRep)
In file included from MC_Base_Particle.cc:1:
In file included from ./MC_Base_Particle.hh:10:
In file included from ./MC_Particle.hh:9:
In file included from ./Tallies.hh:7:
./QS_Vector.hh:16:52: warning: field '_memPolicy' will be initialized after field '_isOpen' [-Wreorder-ctor]
   16 |    qs_vector() : _data(0), _capacity(0), _size(0), _memPolicy(MemoryControl::AllocationPolicy::HOST_MEM), _isOpen(0) {};
      |                                                    ^~~~~~~~~~~~~~~~~~~~~~~~~~~~~~~~~~~~~~~~~~~~~~~~~~~~   ~~~~~~~~~
      |                                                    _isOpen(0                                              _memPolicy(MemoryControl::AllocationPolicy::HOST_MEM
./NuclearData.hh:44:4: note: in instantiation of member function 'qs_vector<long double>::qs_vector' requested here
   44 |    NuclearDataReaction(){};
      |    ^
In file included from MC_Base_Particle.cc:1:
In file included from ./MC_Base_Particle.hh:10:
In file included from ./MC_Particle.hh:9:
In file included from ./Tallies.hh:7:
./QS_Vector.hh:19:46: warning: field '_memPolicy' will be initialized after field '_isOpen' [-Wreorder-ctor]
   19 |    : _data(0), _capacity(size), _size(size), _memPolicy(memPolicy), _isOpen(0) 
      |                                              ^~~~~~~~~~~~~~~~~~~~   ~~~~~~~~~
      |                                              _isOpen(0              _memPolicy(memPolicy
./NuclearData.hh:80:6: note: in instantiation of member function 'qs_vector<NuclearDataSpecies>::qs_vector' requested here
   80 |    : _species(1,VAR_MEM){}
      |      ^
In file included from MC_Base_Particle.cc:1:
In file included from ./MC_Base_Particle.hh:10:
In file included from ./MC_Particle.hh:9:
In file included from ./Tallies.hh:7:
./QS_Vector.hh:16:52: warning: field '_memPolicy' will be initialized after field '_isOpen' [-Wreorder-ctor]
   16 |    qs_vector() : _data(0), _capacity(0), _size(0), _memPolicy(MemoryControl::AllocationPolicy::HOST_MEM), _isOpen(0) {};
      |                                                    ^~~~~~~~~~~~~~~~~~~~~~~~~~~~~~~~~~~~~~~~~~~~~~~~~~~~   ~~~~~~~~~
      |                                                    _isOpen(0                                              _memPolicy(MemoryControl::AllocationPolicy::HOST_MEM
./NuclearData.hh:64:7: note: in instantiation of member function 'qs_vector<NuclearDataReaction>::qs_vector' requested here
   64 | class NuclearDataSpecies
      |       ^
./QS_Vector.hh:21:30: note: in instantiation of function template specialization 'MemoryControl::allocate<NuclearDataSpecies>' requested here
   21 |       _data = MemoryControl::allocate<T>(size, memPolicy);
      |                              ^
./NuclearData.hh:80:6: note: in instantiation of member function 'qs_vector<NuclearDataSpecies>::qs_vector' requested here
   80 |    : _species(1,VAR_MEM){}
      |      ^
In file included from MC_Base_Particle.cc:1:
In file included from ./MC_Base_Particle.hh:10:
In file included from ./MC_Particle.hh:9:
In file included from ./Tallies.hh:7:
./QS_Vector.hh:16:52: warning: field '_memPolicy' will be initialized after field '_isOpen' [-Wreorder-ctor]
   16 |    qs_vector() : _data(0), _capacity(0), _size(0), _memPolicy(MemoryControl::AllocationPolicy::HOST_MEM), _isOpen(0) {};
      |                                                    ^~~~~~~~~~~~~~~~~~~~~~~~~~~~~~~~~~~~~~~~~~~~~~~~~~~~   ~~~~~~~~~
      |                                                    _isOpen(0                                              _memPolicy(MemoryControl::AllocationPolicy::HOST_MEM
./MC_Domain.hh:46:4: note: in instantiation of member function 'qs_vector<int>::qs_vector' requested here
   46 |    MC_Mesh_Domain(){};
      |    ^
In file included from MC_Base_Particle.cc:1:
In file included from ./MC_Base_Particle.hh:10:
In file included from ./MC_Particle.hh:9:
In file included from ./Tallies.hh:7:
./QS_Vector.hh:16:52: warning: field '_memPolicy' will be initialized after field '_isOpen' [-Wreorder-ctor]
   16 |    qs_vector() : _data(0), _capacity(0), _size(0), _memPolicy(MemoryControl::AllocationPolicy::HOST_MEM), _isOpen(0) {};
      |                                                    ^~~~~~~~~~~~~~~~~~~~~~~~~~~~~~~~~~~~~~~~~~~~~~~~~~~~   ~~~~~~~~~
      |                                                    _isOpen(0                                              _memPolicy(MemoryControl::AllocationPolicy::HOST_MEM
./MC_Domain.hh:46:4: note: in instantiation of member function 'qs_vector<MC_Vector>::qs_vector' requested here
   46 |    MC_Mesh_Domain(){};
      |    ^
In file included from MC_Base_Particle.cc:1:
In file included from ./MC_Base_Particle.hh:10:
In file included from ./MC_Particle.hh:9:
In file included from ./Tallies.hh:7:
./QS_Vector.hh:16:52: warning: field '_memPolicy' will be initialized after field '_isOpen' [-Wreorder-ctor]
   16 |    qs_vector() : _data(0), _capacity(0), _size(0), _memPolicy(MemoryControl::AllocationPolicy::HOST_MEM), _isOpen(0) {};
      |                                                    ^~~~~~~~~~~~~~~~~~~~~~~~~~~~~~~~~~~~~~~~~~~~~~~~~~~~   ~~~~~~~~~
      |                                                    _isOpen(0                                              _memPolicy(MemoryControl::AllocationPolicy::HOST_MEM
./MC_Domain.hh:46:4: note: in instantiation of member function 'qs_vector<MC_Facet_Adjacency_Cell>::qs_vector' requested here
   46 |    MC_Mesh_Domain(){};
      |    ^
In file included from MC_Base_Particle.cc:1:
In file included from ./MC_Base_Particle.hh:10:
In file included from ./MC_Particle.hh:9:
In file included from ./Tallies.hh:7:
./QS_Vector.hh:16:52: warning: field '_memPolicy' will be initialized after field '_isOpen' [-Wreorder-ctor]
   16 |    qs_vector() : _data(0), _capacity(0), _size(0), _memPolicy(MemoryControl::AllocationPolicy::HOST_MEM), _isOpen(0) {};
      |                                                    ^~~~~~~~~~~~~~~~~~~~~~~~~~~~~~~~~~~~~~~~~~~~~~~~~~~~   ~~~~~~~~~
      |                                                    _isOpen(0                                              _memPolicy(MemoryControl::AllocationPolicy::HOST_MEM
./MC_Domain.hh:46:4: note: in instantiation of member function 'qs_vector<MC_Facet_Geometry_Cell>::qs_vector' requested here
   46 |    MC_Mesh_Domain(){};
      |    ^
In file included from MC_Base_Particle.cc:1:
In file included from ./MC_Base_Particle.hh:10:
In file included from ./MC_Particle.hh:9:
In file included from ./Tallies.hh:7:
./QS_Vector.hh:16:52: warning: field '_memPolicy' will be initialized after field '_isOpen' [-Wreorder-ctor]
   16 |    qs_vector() : _data(0), _capacity(0), _size(0), _memPolicy(MemoryControl::AllocationPolicy::HOST_MEM), _isOpen(0) {};
      |                                                    ^~~~~~~~~~~~~~~~~~~~~~~~~~~~~~~~~~~~~~~~~~~~~~~~~~~~   ~~~~~~~~~
      |                                                    _isOpen(0                                              _memPolicy(MemoryControl::AllocationPolicy::HOST_MEM
./MC_Domain.hh:73:5: note: in instantiation of member function 'qs_vector<MC_Cell_State>::qs_vector' requested here
   73 |     MC_Domain(){};
      |     ^
In file included from MC_Base_Particle.cc:1:
In file included from ./MC_Base_Particle.hh:10:
In file included from ./MC_Particle.hh:9:
In file included from ./Tallies.hh:7:
./QS_Vector.hh:16:52: warning: field '_memPolicy' will be initialized after field '_isOpen' [-Wreorder-ctor]
   16 |    qs_vector() : _data(0), _capacity(0), _size(0), _memPolicy(MemoryControl::AllocationPolicy::HOST_MEM), _isOpen(0) {};
      |                                                    ^~~~~~~~~~~~~~~~~~~~~~~~~~~~~~~~~~~~~~~~~~~~~~~~~~~~   ~~~~~~~~~
      |                                                    _isOpen(0                                              _memPolicy(MemoryControl::AllocationPolicy::HOST_MEM
./Tallies.hh:175:23: note: in instantiation of member function 'qs_vector<ScalarFluxCell>::qs_vector' requested here
  175 |    ScalarFluxTask() : _cell() {}
      |                       ^
In file included from MC_Base_Particle.cc:1:
In file included from ./MC_Base_Particle.hh:10:
In file included from ./MC_Particle.hh:9:
In file included from ./Tallies.hh:7:
./QS_Vector.hh:16:52: warning: field '_memPolicy' will be initialized after field '_isOpen' [-Wreorder-ctor]
   16 |    qs_vector() : _data(0), _capacity(0), _size(0), _memPolicy(MemoryControl::AllocationPolicy::HOST_MEM), _isOpen(0) {};
      |                                                    ^~~~~~~~~~~~~~~~~~~~~~~~~~~~~~~~~~~~~~~~~~~~~~~~~~~~   ~~~~~~~~~
      |                                                    _isOpen(0                                              _memPolicy(MemoryControl::AllocationPolicy::HOST_MEM
./Tallies.hh:226:24: note: in instantiation of member function 'qs_vector<CellTallyTask>::qs_vector' requested here
  226 |    CellTallyDomain() : _task() {}
      |                        ^
In file included from MC_Base_Particle.cc:1:
In file included from ./MC_Base_Particle.hh:10:
In file included from ./MC_Particle.hh:9:
In file included from ./Tallies.hh:7:
./QS_Vector.hh:35:58: warning: field '_memPolicy' will be initialized after field '_isOpen' [-Wreorder-ctor]
   35 |    : _data(0), _capacity(aa._capacity), _size(aa._size), _memPolicy(aa._memPolicy), _isOpen(aa._isOpen)
      |                                                          ^~~~~~~~~~~~~~~~~~~~~~~~   ~~~~~~~~~~~~~~~~~~
      |                                                          _isOpen(aa._isOpen         _memPolicy(aa._memPolicy
./QS_Vector.hh:63:23: note: in instantiation of member function 'qs_vector<long double>::qs_vector' requested here
   63 |          qs_vector<T> temp(aa);
      |                       ^
./Tallies.hh:128:7: note: in instantiation of member function 'qs_vector<long double>::operator=' requested here
  128 | class CellTallyTask
      |       ^
./Tallies.hh:238:17: note: in instantiation of member function 'qs_vector<CellTallyTask>::push_back' requested here
  238 |           _task.push_back(CellTallyTask(domain));
      |                 ^
In file included from MC_Base_Particle.cc:1:
In file included from ./MC_Base_Particle.hh:10:
In file included from ./MC_Particle.hh:9:
In file included from ./Tallies.hh:7:
./QS_Vector.hh:16:52: warning: field '_memPolicy' will be initialized after field '_isOpen' [-Wreorder-ctor]
   16 |    qs_vector() : _data(0), _capacity(0), _size(0), _memPolicy(MemoryControl::AllocationPolicy::HOST_MEM), _isOpen(0) {};
      |                                                    ^~~~~~~~~~~~~~~~~~~~~~~~~~~~~~~~~~~~~~~~~~~~~~~~~~~~   ~~~~~~~~~
      |                                                    _isOpen(0                                              _memPolicy(MemoryControl::AllocationPolicy::HOST_MEM
./Tallies.hh:251:25: note: in instantiation of member function 'qs_vector<ScalarFluxTask>::qs_vector' requested here
  251 |    ScalarFluxDomain() : _task() {}
      |                         ^
In file included from MC_Base_Particle.cc:1:
In file included from ./MC_Base_Particle.hh:10:
In file included from ./MC_Particle.hh:9:
In file included from ./Tallies.hh:7:
./QS_Vector.hh:35:58: warning: field '_memPolicy' will be initialized after field '_isOpen' [-Wreorder-ctor]
   35 |    : _data(0), _capacity(aa._capacity), _size(aa._size), _memPolicy(aa._memPolicy), _isOpen(aa._isOpen)
      |                                                          ^~~~~~~~~~~~~~~~~~~~~~~~   ~~~~~~~~~~~~~~~~~~
      |                                                          _isOpen(aa._isOpen         _memPolicy(aa._memPolicy
./QS_Vector.hh:63:23: note: in instantiation of member function 'qs_vector<ScalarFluxCell>::qs_vector' requested here
   63 |          qs_vector<T> temp(aa);
      |                       ^
./Tallies.hh:169:7: note: in instantiation of member function 'qs_vector<ScalarFluxCell>::operator=' requested here
  169 | class ScalarFluxTask
      |       ^
./Tallies.hh:263:17: note: in instantiation of member function 'qs_vector<ScalarFluxTask>::push_back' requested here
  263 |           _task.push_back(ScalarFluxTask(domain, numGroups));
      |                 ^
In file included from MC_Base_Particle.cc:1:
In file included from ./MC_Base_Particle.hh:10:
In file included from ./MC_Particle.hh:9:
In file included from ./Tallies.hh:7:
./QS_Vector.hh:16:52: warning: field '_memPolicy' will be initialized after field '_isOpen' [-Wreorder-ctor]
   16 |    qs_vector() : _data(0), _capacity(0), _size(0), _memPolicy(MemoryControl::AllocationPolicy::HOST_MEM), _isOpen(0) {};
      |                                                    ^~~~~~~~~~~~~~~~~~~~~~~~~~~~~~~~~~~~~~~~~~~~~~~~~~~~   ~~~~~~~~~
      |                                                    _isOpen(0                                              _memPolicy(MemoryControl::AllocationPolicy::HOST_MEM
./Tallies.hh:314:31: note: in instantiation of member function 'qs_vector<Balance>::qs_vector' requested here
  314 |       : _balanceCumulative(), _balanceTask(),
      |                               ^
In file included from MC_Base_Particle.cc:1:
In file included from ./MC_Base_Particle.hh:10:
In file included from ./MC_Particle.hh:9:
In file included from ./Tallies.hh:7:
./QS_Vector.hh:16:52: warning: field '_memPolicy' will be initialized after field '_isOpen' [-Wreorder-ctor]
   16 |    qs_vector() : _data(0), _capacity(0), _size(0), _memPolicy(MemoryControl::AllocationPolicy::HOST_MEM), _isOpen(0) {};
      |                                                    ^~~~~~~~~~~~~~~~~~~~~~~~~~~~~~~~~~~~~~~~~~~~~~~~~~~~   ~~~~~~~~~
      |                                                    _isOpen(0                                              _memPolicy(MemoryControl::AllocationPolicy::HOST_MEM
./Tallies.hh:315:9: note: in instantiation of member function 'qs_vector<ScalarFluxDomain>::qs_vector' requested here
  315 |         _scalarFluxDomain(), _num_balance_replications(balRep), 
      |         ^
In file included from MC_Base_Particle.cc:1:
In file included from ./MC_Base_Particle.hh:10:
In file included from ./MC_Particle.hh:9:
In file included from ./Tallies.hh:7:
./QS_Vector.hh:16:52: warning: field '_memPolicy' will be initialized after field '_isOpen' [-Wreorder-ctor]
   16 |    qs_vector() : _data(0), _capacity(0), _size(0), _memPolicy(MemoryControl::AllocationPolicy::HOST_MEM), _isOpen(0) {};
      |                                                    ^~~~~~~~~~~~~~~~~~~~~~~~~~~~~~~~~~~~~~~~~~~~~~~~~~~~   ~~~~~~~~~
      |                                                    _isOpen(0                                              _memPolicy(MemoryControl::AllocationPolicy::HOST_MEM
./Tallies.hh:313:5: note: in instantiation of member function 'qs_vector<CellTallyDomain>::qs_vector' requested here
  313 |     Tallies( int balRep, int fluxRep, int cellRep, std::string spectrumName, int spectrumSize )
      |     ^
19 warnings generated.
clang++ -DQS_LD  -std=c++11 -g -O0 -include cstdint -Wformat -Wall -c MC_Domain.cc -o MC_Domain.o
In file included from MC_Domain.cc:13:
In file included from ./MonteCarlo.hh:8:
./Parameters.hh:104:6: warning: field 'boundaryCondition' will be initialized after field 'energySpectrum' [-Wreorder-ctor]
  103 |      crossSectionsOut(""),
      |      ~~~~~~~~~~~~~~~~~~~~
      |      energySpectrum("")
  104 |      boundaryCondition("reflect"),
      |      ^~~~~~~~~~~~~~~~~~~~~~~~~~~~
      |      crossSectionsOut("")
  105 |      energySpectrum(""),
      |      ~~~~~~~~~~~~~~~~~~
      |      boundaryCondition("reflect")
./Parameters.hh:171:1: warning: 'Parameters' defined as a struct here but previously declared as a class; this is valid, but may result in linker errors under the Microsoft C++ ABI [-Wmismatched-tags]
  171 | struct Parameters
      | ^
./MC_Domain.hh:14:1: note: did you mean struct here?
   14 | class Parameters;
      | ^~~~~
      | struct
MC_Domain.cc:384:11: warning: unused variable 'numIsos' [-Wunused-variable]
  384 |       int numIsos = static_cast<int>(materialDatabase._mat[cell_state[ii]._material]._iso.size());
      |           ^~~~~~~
In file included from MC_Domain.cc:1:
In file included from ./MC_Domain.hh:7:
./QS_Vector.hh:16:52: warning: field '_memPolicy' will be initialized after field '_isOpen' [-Wreorder-ctor]
   16 |    qs_vector() : _data(0), _capacity(0), _size(0), _memPolicy(MemoryControl::AllocationPolicy::HOST_MEM), _isOpen(0) {};
      |                                                    ^~~~~~~~~~~~~~~~~~~~~~~~~~~~~~~~~~~~~~~~~~~~~~~~~~~~   ~~~~~~~~~
      |                                                    _isOpen(0                                              _memPolicy(MemoryControl::AllocationPolicy::HOST_MEM
./MC_Domain.hh:46:4: note: in instantiation of member function 'qs_vector<int>::qs_vector' requested here
   46 |    MC_Mesh_Domain(){};
      |    ^
In file included from MC_Domain.cc:1:
In file included from ./MC_Domain.hh:7:
./QS_Vector.hh:16:52: warning: field '_memPolicy' will be initialized after field '_isOpen' [-Wreorder-ctor]
   16 |    qs_vector() : _data(0), _capacity(0), _size(0), _memPolicy(MemoryControl::AllocationPolicy::HOST_MEM), _isOpen(0) {};
      |                                                    ^~~~~~~~~~~~~~~~~~~~~~~~~~~~~~~~~~~~~~~~~~~~~~~~~~~~   ~~~~~~~~~
      |                                                    _isOpen(0                                              _memPolicy(MemoryControl::AllocationPolicy::HOST_MEM
./MC_Domain.hh:46:4: note: in instantiation of member function 'qs_vector<MC_Vector>::qs_vector' requested here
   46 |    MC_Mesh_Domain(){};
      |    ^
In file included from MC_Domain.cc:1:
In file included from ./MC_Domain.hh:7:
./QS_Vector.hh:16:52: warning: field '_memPolicy' will be initialized after field '_isOpen' [-Wreorder-ctor]
   16 |    qs_vector() : _data(0), _capacity(0), _size(0), _memPolicy(MemoryControl::AllocationPolicy::HOST_MEM), _isOpen(0) {};
      |                                                    ^~~~~~~~~~~~~~~~~~~~~~~~~~~~~~~~~~~~~~~~~~~~~~~~~~~~   ~~~~~~~~~
      |                                                    _isOpen(0                                              _memPolicy(MemoryControl::AllocationPolicy::HOST_MEM
./MC_Domain.hh:46:4: note: in instantiation of member function 'qs_vector<MC_Facet_Adjacency_Cell>::qs_vector' requested here
   46 |    MC_Mesh_Domain(){};
      |    ^
In file included from MC_Domain.cc:1:
In file included from ./MC_Domain.hh:7:
./QS_Vector.hh:16:52: warning: field '_memPolicy' will be initialized after field '_isOpen' [-Wreorder-ctor]
   16 |    qs_vector() : _data(0), _capacity(0), _size(0), _memPolicy(MemoryControl::AllocationPolicy::HOST_MEM), _isOpen(0) {};
      |                                                    ^~~~~~~~~~~~~~~~~~~~~~~~~~~~~~~~~~~~~~~~~~~~~~~~~~~~   ~~~~~~~~~
      |                                                    _isOpen(0                                              _memPolicy(MemoryControl::AllocationPolicy::HOST_MEM
./MC_Domain.hh:46:4: note: in instantiation of member function 'qs_vector<MC_Facet_Geometry_Cell>::qs_vector' requested here
   46 |    MC_Mesh_Domain(){};
      |    ^
In file included from MC_Domain.cc:1:
In file included from ./MC_Domain.hh:7:
./QS_Vector.hh:16:52: warning: field '_memPolicy' will be initialized after field '_isOpen' [-Wreorder-ctor]
   16 |    qs_vector() : _data(0), _capacity(0), _size(0), _memPolicy(MemoryControl::AllocationPolicy::HOST_MEM), _isOpen(0) {};
      |                                                    ^~~~~~~~~~~~~~~~~~~~~~~~~~~~~~~~~~~~~~~~~~~~~~~~~~~~   ~~~~~~~~~
      |                                                    _isOpen(0                                              _memPolicy(MemoryControl::AllocationPolicy::HOST_MEM
./MC_Domain.hh:73:5: note: in instantiation of member function 'qs_vector<MC_Cell_State>::qs_vector' requested here
   73 |     MC_Domain(){};
      |     ^
In file included from MC_Domain.cc:1:
In file included from ./MC_Domain.hh:7:
./QS_Vector.hh:16:52: warning: field '_memPolicy' will be initialized after field '_isOpen' [-Wreorder-ctor]
   16 |    qs_vector() : _data(0), _capacity(0), _size(0), _memPolicy(MemoryControl::AllocationPolicy::HOST_MEM), _isOpen(0) {};
      |                                                    ^~~~~~~~~~~~~~~~~~~~~~~~~~~~~~~~~~~~~~~~~~~~~~~~~~~~   ~~~~~~~~~
      |                                                    _isOpen(0                                              _memPolicy(MemoryControl::AllocationPolicy::HOST_MEM
./MaterialDatabase.hh:37:4: note: in instantiation of member function 'qs_vector<Isotope>::qs_vector' requested here
   37 |    Material()
      |    ^
In file included from MC_Domain.cc:1:
In file included from ./MC_Domain.hh:7:
./QS_Vector.hh:35:58: warning: field '_memPolicy' will be initialized after field '_isOpen' [-Wreorder-ctor]
   35 |    : _data(0), _capacity(aa._capacity), _size(aa._size), _memPolicy(aa._memPolicy), _isOpen(aa._isOpen)
      |                                                          ^~~~~~~~~~~~~~~~~~~~~~~~   ~~~~~~~~~~~~~~~~~~
      |                                                          _isOpen(aa._isOpen         _memPolicy(aa._memPolicy
./QS_Vector.hh:63:23: note: in instantiation of member function 'qs_vector<Isotope>::qs_vector' requested here
   63 |          qs_vector<T> temp(aa);
      |                       ^
./MaterialDatabase.hh:30:7: note: in instantiation of member function 'qs_vector<Isotope>::operator=' requested here
   30 | class Material
      |       ^
./MaterialDatabase.hh:66:12: note: in instantiation of member function 'qs_vector<Material>::push_back' requested here
   66 |       _mat.push_back(material);
      |            ^
In file included from MC_Domain.cc:1:
In file included from ./MC_Domain.hh:7:
./QS_Vector.hh:19:46: warning: field '_memPolicy' will be initialized after field '_isOpen' [-Wreorder-ctor]
   19 |    : _data(0), _capacity(size), _size(size), _memPolicy(memPolicy), _isOpen(0) 
      |                                              ^~~~~~~~~~~~~~~~~~~~   ~~~~~~~~~
      |                                              _isOpen(0              _memPolicy(memPolicy
MC_Domain.cc:458:52: note: in instantiation of member function 'qs_vector<MC_Subfacet_Adjacency_Event::Enum>::qs_vector' requested here
  458 |       qs_vector<MC_Subfacet_Adjacency_Event::Enum> bc(6);
      |                                                    ^
In file included from MC_Domain.cc:1:
In file included from ./MC_Domain.hh:7:
./QS_Vector.hh:26:46: warning: field '_memPolicy' will be initialized after field '_isOpen' [-Wreorder-ctor]
   26 |    : _data(0), _capacity(size), _size(size), _memPolicy(memPolicy), _isOpen(0) 
      |                                              ^~~~~~~~~~~~~~~~~~~~   ~~~~~~~~~
      |                                              _isOpen(0              _memPolicy(memPolicy
MC_Domain.cc:460:15: note: in instantiation of member function 'qs_vector<MC_Subfacet_Adjacency_Event::Enum>::qs_vector' requested here
  460 |          bc = qs_vector<MC_Subfacet_Adjacency_Event::Enum>(6, MC_Subfacet_Adjacency_Event::Boundary_Reflection);
      |               ^
In file included from MC_Domain.cc:1:
In file included from ./MC_Domain.hh:7:
./QS_Vector.hh:35:58: warning: field '_memPolicy' will be initialized after field '_isOpen' [-Wreorder-ctor]
   35 |    : _data(0), _capacity(aa._capacity), _size(aa._size), _memPolicy(aa._memPolicy), _isOpen(aa._isOpen)
      |                                                          ^~~~~~~~~~~~~~~~~~~~~~~~   ~~~~~~~~~~~~~~~~~~
      |                                                          _isOpen(aa._isOpen         _memPolicy(aa._memPolicy
MC_Domain.cc:471:14: note: in instantiation of member function 'qs_vector<MC_Subfacet_Adjacency_Event::Enum>::qs_vector' requested here
  471 |       return bc;
      |              ^
In file included from MC_Domain.cc:19:
In file included from ./GlobalFccGrid.hh:7:
./TupleToIndex.hh:18:12: warning: private field 'nz_' is not used [-Wunused-private-field]
   18 |     Long64 nz_;
      |            ^
In file included from MC_Domain.cc:19:
In file included from ./GlobalFccGrid.hh:8:
./IndexToTuple.hh:27:8: warning: private field 'nz_' is not used [-Wunused-private-field]
   27 |    int nz_;
      |        ^
In file included from MC_Domain.cc:19:
In file included from ./GlobalFccGrid.hh:9:
./Tuple4ToIndex.hh:19:11: warning: private field 'nb_' is not used [-Wunused-private-field]
   19 |    Long64 nb_;
      |           ^
In file included from MC_Domain.cc:19:
In file included from ./GlobalFccGrid.hh:10:
./IndexToTuple4.hh:30:8: warning: private field 'nb_' is not used [-Wunused-private-field]
   30 |    int nb_;
      |        ^
17 warnings generated.
clang++ -DQS_LD  -std=c++11 -g -O0 -include cstdint -Wformat -Wall -c MC_Facet_Crossing_Event.cc -o MC_Facet_Crossing_Event.o
In file included from MC_Facet_Crossing_Event.cc:1:
In file included from ./MC_Facet_Crossing_Event.hh:4:
In file included from ./Tallies.hh:13:
In file included from ./MonteCarlo.hh:8:
./Parameters.hh:104:6: warning: field 'boundaryCondition' will be initialized after field 'energySpectrum' [-Wreorder-ctor]
  103 |      crossSectionsOut(""),
      |      ~~~~~~~~~~~~~~~~~~~~
      |      energySpectrum("")
  104 |      boundaryCondition("reflect"),
      |      ^~~~~~~~~~~~~~~~~~~~~~~~~~~~
      |      crossSectionsOut("")
  105 |      energySpectrum(""),
      |      ~~~~~~~~~~~~~~~~~~
      |      boundaryCondition("reflect")
./Parameters.hh:171:1: warning: 'Parameters' defined as a struct here but previously declared as a class; this is valid, but may result in linker errors under the Microsoft C++ ABI [-Wmismatched-tags]
  171 | struct Parameters
      | ^
./MC_Domain.hh:14:1: note: did you mean struct here?
   14 | class Parameters;
      | ^~~~~
      | struct
In file included from MC_Facet_Crossing_Event.cc:1:
In file included from ./MC_Facet_Crossing_Event.hh:4:
./Tallies.hh:316:42: warning: field '_num_cellTally_replications' will be initialized after field '_spectrum' [-Wreorder-ctor]
  315 |         _scalarFluxDomain(), _num_balance_replications(balRep), 
      |                              ~~~~~~~~~~~~~~~~~~~~~~~~~~~~~~~~~
      |                              _spectrum(spectrumName, spectrumSize)
  316 |         _num_flux_replications(fluxRep), _num_cellTally_replications(cellRep), 
      |         ~~~~~~~~~~~~~~~~~~~~~~~~~~~~~~~  ^~~~~~~~~~~~~~~~~~~~~~~~~~~~~~~~~~~~
      |         _num_balance_replications(balRep)_num_flux_replications(fluxRep)
  317 |         _spectrum(spectrumName, spectrumSize)
      |         ~~~~~~~~~~~~~~~~~~~~~~~~~~~~~~~~~~~~~
      |         _num_cellTally_replications(cellRep)
In file included from MC_Facet_Crossing_Event.cc:10:
In file included from ./MC_Particle_Buffer.hh:6:
./MC_Processor_Info.hh:18:7: warning: field 'comm_mc_world' will be initialized after field 'use_gpu' [-Wreorder-ctor]
   18 |     : comm_mc_world(MPI_COMM_WORLD),
      |       ^~~~~~~~~~~~~~~~~~~~~~~~~~~~~
      |       use_gpu(0)
   19 |       use_gpu(0),
      |       ~~~~~~~~~~
      |       gpu_id(0)
   20 |       gpu_id(0)
      |       ~~~~~~~~~
      |       comm_mc_world(MPI_COMM_WORLD)
In file included from MC_Facet_Crossing_Event.cc:1:
In file included from ./MC_Facet_Crossing_Event.hh:4:
In file included from ./Tallies.hh:7:
./QS_Vector.hh:16:52: warning: field '_memPolicy' will be initialized after field '_isOpen' [-Wreorder-ctor]
   16 |    qs_vector() : _data(0), _capacity(0), _size(0), _memPolicy(MemoryControl::AllocationPolicy::HOST_MEM), _isOpen(0) {};
      |                                                    ^~~~~~~~~~~~~~~~~~~~~~~~~~~~~~~~~~~~~~~~~~~~~~~~~~~~   ~~~~~~~~~
      |                                                    _isOpen(0                                              _memPolicy(MemoryControl::AllocationPolicy::HOST_MEM
./NuclearData.hh:44:4: note: in instantiation of member function 'qs_vector<long double>::qs_vector' requested here
   44 |    NuclearDataReaction(){};
      |    ^
In file included from MC_Facet_Crossing_Event.cc:1:
In file included from ./MC_Facet_Crossing_Event.hh:4:
In file included from ./Tallies.hh:7:
./QS_Vector.hh:19:46: warning: field '_memPolicy' will be initialized after field '_isOpen' [-Wreorder-ctor]
   19 |    : _data(0), _capacity(size), _size(size), _memPolicy(memPolicy), _isOpen(0) 
      |                                              ^~~~~~~~~~~~~~~~~~~~   ~~~~~~~~~
      |                                              _isOpen(0              _memPolicy(memPolicy
./NuclearData.hh:80:6: note: in instantiation of member function 'qs_vector<NuclearDataSpecies>::qs_vector' requested here
   80 |    : _species(1,VAR_MEM){}
      |      ^
In file included from MC_Facet_Crossing_Event.cc:1:
In file included from ./MC_Facet_Crossing_Event.hh:4:
In file included from ./Tallies.hh:7:
./QS_Vector.hh:16:52: warning: field '_memPolicy' will be initialized after field '_isOpen' [-Wreorder-ctor]
   16 |    qs_vector() : _data(0), _capacity(0), _size(0), _memPolicy(MemoryControl::AllocationPolicy::HOST_MEM), _isOpen(0) {};
      |                                                    ^~~~~~~~~~~~~~~~~~~~~~~~~~~~~~~~~~~~~~~~~~~~~~~~~~~~   ~~~~~~~~~
      |                                                    _isOpen(0                                              _memPolicy(MemoryControl::AllocationPolicy::HOST_MEM
./NuclearData.hh:64:7: note: in instantiation of member function 'qs_vector<NuclearDataReaction>::qs_vector' requested here
   64 | class NuclearDataSpecies
      |       ^
./QS_Vector.hh:21:30: note: in instantiation of function template specialization 'MemoryControl::allocate<NuclearDataSpecies>' requested here
   21 |       _data = MemoryControl::allocate<T>(size, memPolicy);
      |                              ^
./NuclearData.hh:80:6: note: in instantiation of member function 'qs_vector<NuclearDataSpecies>::qs_vector' requested here
   80 |    : _species(1,VAR_MEM){}
      |      ^
In file included from MC_Facet_Crossing_Event.cc:1:
In file included from ./MC_Facet_Crossing_Event.hh:4:
In file included from ./Tallies.hh:7:
./QS_Vector.hh:16:52: warning: field '_memPolicy' will be initialized after field '_isOpen' [-Wreorder-ctor]
   16 |    qs_vector() : _data(0), _capacity(0), _size(0), _memPolicy(MemoryControl::AllocationPolicy::HOST_MEM), _isOpen(0) {};
      |                                                    ^~~~~~~~~~~~~~~~~~~~~~~~~~~~~~~~~~~~~~~~~~~~~~~~~~~~   ~~~~~~~~~
      |                                                    _isOpen(0                                              _memPolicy(MemoryControl::AllocationPolicy::HOST_MEM
./MC_Domain.hh:46:4: note: in instantiation of member function 'qs_vector<int>::qs_vector' requested here
   46 |    MC_Mesh_Domain(){};
      |    ^
In file included from MC_Facet_Crossing_Event.cc:1:
In file included from ./MC_Facet_Crossing_Event.hh:4:
In file included from ./Tallies.hh:7:
./QS_Vector.hh:16:52: warning: field '_memPolicy' will be initialized after field '_isOpen' [-Wreorder-ctor]
   16 |    qs_vector() : _data(0), _capacity(0), _size(0), _memPolicy(MemoryControl::AllocationPolicy::HOST_MEM), _isOpen(0) {};
      |                                                    ^~~~~~~~~~~~~~~~~~~~~~~~~~~~~~~~~~~~~~~~~~~~~~~~~~~~   ~~~~~~~~~
      |                                                    _isOpen(0                                              _memPolicy(MemoryControl::AllocationPolicy::HOST_MEM
./MC_Domain.hh:46:4: note: in instantiation of member function 'qs_vector<MC_Vector>::qs_vector' requested here
   46 |    MC_Mesh_Domain(){};
      |    ^
In file included from MC_Facet_Crossing_Event.cc:1:
In file included from ./MC_Facet_Crossing_Event.hh:4:
In file included from ./Tallies.hh:7:
./QS_Vector.hh:16:52: warning: field '_memPolicy' will be initialized after field '_isOpen' [-Wreorder-ctor]
   16 |    qs_vector() : _data(0), _capacity(0), _size(0), _memPolicy(MemoryControl::AllocationPolicy::HOST_MEM), _isOpen(0) {};
      |                                                    ^~~~~~~~~~~~~~~~~~~~~~~~~~~~~~~~~~~~~~~~~~~~~~~~~~~~   ~~~~~~~~~
      |                                                    _isOpen(0                                              _memPolicy(MemoryControl::AllocationPolicy::HOST_MEM
./MC_Domain.hh:46:4: note: in instantiation of member function 'qs_vector<MC_Facet_Adjacency_Cell>::qs_vector' requested here
   46 |    MC_Mesh_Domain(){};
      |    ^
In file included from MC_Facet_Crossing_Event.cc:1:
In file included from ./MC_Facet_Crossing_Event.hh:4:
In file included from ./Tallies.hh:7:
./QS_Vector.hh:16:52: warning: field '_memPolicy' will be initialized after field '_isOpen' [-Wreorder-ctor]
   16 |    qs_vector() : _data(0), _capacity(0), _size(0), _memPolicy(MemoryControl::AllocationPolicy::HOST_MEM), _isOpen(0) {};
      |                                                    ^~~~~~~~~~~~~~~~~~~~~~~~~~~~~~~~~~~~~~~~~~~~~~~~~~~~   ~~~~~~~~~
      |                                                    _isOpen(0                                              _memPolicy(MemoryControl::AllocationPolicy::HOST_MEM
./MC_Domain.hh:46:4: note: in instantiation of member function 'qs_vector<MC_Facet_Geometry_Cell>::qs_vector' requested here
   46 |    MC_Mesh_Domain(){};
      |    ^
In file included from MC_Facet_Crossing_Event.cc:1:
In file included from ./MC_Facet_Crossing_Event.hh:4:
In file included from ./Tallies.hh:7:
./QS_Vector.hh:16:52: warning: field '_memPolicy' will be initialized after field '_isOpen' [-Wreorder-ctor]
   16 |    qs_vector() : _data(0), _capacity(0), _size(0), _memPolicy(MemoryControl::AllocationPolicy::HOST_MEM), _isOpen(0) {};
      |                                                    ^~~~~~~~~~~~~~~~~~~~~~~~~~~~~~~~~~~~~~~~~~~~~~~~~~~~   ~~~~~~~~~
      |                                                    _isOpen(0                                              _memPolicy(MemoryControl::AllocationPolicy::HOST_MEM
./MC_Domain.hh:73:5: note: in instantiation of member function 'qs_vector<MC_Cell_State>::qs_vector' requested here
   73 |     MC_Domain(){};
      |     ^
In file included from MC_Facet_Crossing_Event.cc:1:
In file included from ./MC_Facet_Crossing_Event.hh:4:
In file included from ./Tallies.hh:7:
./QS_Vector.hh:16:52: warning: field '_memPolicy' will be initialized after field '_isOpen' [-Wreorder-ctor]
   16 |    qs_vector() : _data(0), _capacity(0), _size(0), _memPolicy(MemoryControl::AllocationPolicy::HOST_MEM), _isOpen(0) {};
      |                                                    ^~~~~~~~~~~~~~~~~~~~~~~~~~~~~~~~~~~~~~~~~~~~~~~~~~~~   ~~~~~~~~~
      |                                                    _isOpen(0                                              _memPolicy(MemoryControl::AllocationPolicy::HOST_MEM
./Tallies.hh:175:23: note: in instantiation of member function 'qs_vector<ScalarFluxCell>::qs_vector' requested here
  175 |    ScalarFluxTask() : _cell() {}
      |                       ^
In file included from MC_Facet_Crossing_Event.cc:1:
In file included from ./MC_Facet_Crossing_Event.hh:4:
In file included from ./Tallies.hh:7:
./QS_Vector.hh:16:52: warning: field '_memPolicy' will be initialized after field '_isOpen' [-Wreorder-ctor]
   16 |    qs_vector() : _data(0), _capacity(0), _size(0), _memPolicy(MemoryControl::AllocationPolicy::HOST_MEM), _isOpen(0) {};
      |                                                    ^~~~~~~~~~~~~~~~~~~~~~~~~~~~~~~~~~~~~~~~~~~~~~~~~~~~   ~~~~~~~~~
      |                                                    _isOpen(0                                              _memPolicy(MemoryControl::AllocationPolicy::HOST_MEM
./Tallies.hh:226:24: note: in instantiation of member function 'qs_vector<CellTallyTask>::qs_vector' requested here
  226 |    CellTallyDomain() : _task() {}
      |                        ^
In file included from MC_Facet_Crossing_Event.cc:1:
In file included from ./MC_Facet_Crossing_Event.hh:4:
In file included from ./Tallies.hh:7:
./QS_Vector.hh:35:58: warning: field '_memPolicy' will be initialized after field '_isOpen' [-Wreorder-ctor]
   35 |    : _data(0), _capacity(aa._capacity), _size(aa._size), _memPolicy(aa._memPolicy), _isOpen(aa._isOpen)
      |                                                          ^~~~~~~~~~~~~~~~~~~~~~~~   ~~~~~~~~~~~~~~~~~~
      |                                                          _isOpen(aa._isOpen         _memPolicy(aa._memPolicy
./QS_Vector.hh:63:23: note: in instantiation of member function 'qs_vector<long double>::qs_vector' requested here
   63 |          qs_vector<T> temp(aa);
      |                       ^
./Tallies.hh:128:7: note: in instantiation of member function 'qs_vector<long double>::operator=' requested here
  128 | class CellTallyTask
      |       ^
./Tallies.hh:238:17: note: in instantiation of member function 'qs_vector<CellTallyTask>::push_back' requested here
  238 |           _task.push_back(CellTallyTask(domain));
      |                 ^
In file included from MC_Facet_Crossing_Event.cc:1:
In file included from ./MC_Facet_Crossing_Event.hh:4:
In file included from ./Tallies.hh:7:
./QS_Vector.hh:16:52: warning: field '_memPolicy' will be initialized after field '_isOpen' [-Wreorder-ctor]
   16 |    qs_vector() : _data(0), _capacity(0), _size(0), _memPolicy(MemoryControl::AllocationPolicy::HOST_MEM), _isOpen(0) {};
      |                                                    ^~~~~~~~~~~~~~~~~~~~~~~~~~~~~~~~~~~~~~~~~~~~~~~~~~~~   ~~~~~~~~~
      |                                                    _isOpen(0                                              _memPolicy(MemoryControl::AllocationPolicy::HOST_MEM
./Tallies.hh:251:25: note: in instantiation of member function 'qs_vector<ScalarFluxTask>::qs_vector' requested here
  251 |    ScalarFluxDomain() : _task() {}
      |                         ^
In file included from MC_Facet_Crossing_Event.cc:1:
In file included from ./MC_Facet_Crossing_Event.hh:4:
In file included from ./Tallies.hh:7:
./QS_Vector.hh:35:58: warning: field '_memPolicy' will be initialized after field '_isOpen' [-Wreorder-ctor]
   35 |    : _data(0), _capacity(aa._capacity), _size(aa._size), _memPolicy(aa._memPolicy), _isOpen(aa._isOpen)
      |                                                          ^~~~~~~~~~~~~~~~~~~~~~~~   ~~~~~~~~~~~~~~~~~~
      |                                                          _isOpen(aa._isOpen         _memPolicy(aa._memPolicy
./QS_Vector.hh:63:23: note: in instantiation of member function 'qs_vector<ScalarFluxCell>::qs_vector' requested here
   63 |          qs_vector<T> temp(aa);
      |                       ^
./Tallies.hh:169:7: note: in instantiation of member function 'qs_vector<ScalarFluxCell>::operator=' requested here
  169 | class ScalarFluxTask
      |       ^
./Tallies.hh:263:17: note: in instantiation of member function 'qs_vector<ScalarFluxTask>::push_back' requested here
  263 |           _task.push_back(ScalarFluxTask(domain, numGroups));
      |                 ^
In file included from MC_Facet_Crossing_Event.cc:1:
In file included from ./MC_Facet_Crossing_Event.hh:4:
In file included from ./Tallies.hh:7:
./QS_Vector.hh:16:52: warning: field '_memPolicy' will be initialized after field '_isOpen' [-Wreorder-ctor]
   16 |    qs_vector() : _data(0), _capacity(0), _size(0), _memPolicy(MemoryControl::AllocationPolicy::HOST_MEM), _isOpen(0) {};
      |                                                    ^~~~~~~~~~~~~~~~~~~~~~~~~~~~~~~~~~~~~~~~~~~~~~~~~~~~   ~~~~~~~~~
      |                                                    _isOpen(0                                              _memPolicy(MemoryControl::AllocationPolicy::HOST_MEM
./Tallies.hh:314:31: note: in instantiation of member function 'qs_vector<Balance>::qs_vector' requested here
  314 |       : _balanceCumulative(), _balanceTask(),
      |                               ^
In file included from MC_Facet_Crossing_Event.cc:1:
In file included from ./MC_Facet_Crossing_Event.hh:4:
In file included from ./Tallies.hh:7:
./QS_Vector.hh:16:52: warning: field '_memPolicy' will be initialized after field '_isOpen' [-Wreorder-ctor]
   16 |    qs_vector() : _data(0), _capacity(0), _size(0), _memPolicy(MemoryControl::AllocationPolicy::HOST_MEM), _isOpen(0) {};
      |                                                    ^~~~~~~~~~~~~~~~~~~~~~~~~~~~~~~~~~~~~~~~~~~~~~~~~~~~   ~~~~~~~~~
      |                                                    _isOpen(0                                              _memPolicy(MemoryControl::AllocationPolicy::HOST_MEM
./Tallies.hh:315:9: note: in instantiation of member function 'qs_vector<ScalarFluxDomain>::qs_vector' requested here
  315 |         _scalarFluxDomain(), _num_balance_replications(balRep), 
      |         ^
In file included from MC_Facet_Crossing_Event.cc:1:
In file included from ./MC_Facet_Crossing_Event.hh:4:
In file included from ./Tallies.hh:7:
./QS_Vector.hh:16:52: warning: field '_memPolicy' will be initialized after field '_isOpen' [-Wreorder-ctor]
   16 |    qs_vector() : _data(0), _capacity(0), _size(0), _memPolicy(MemoryControl::AllocationPolicy::HOST_MEM), _isOpen(0) {};
      |                                                    ^~~~~~~~~~~~~~~~~~~~~~~~~~~~~~~~~~~~~~~~~~~~~~~~~~~~   ~~~~~~~~~
      |                                                    _isOpen(0                                              _memPolicy(MemoryControl::AllocationPolicy::HOST_MEM
./Tallies.hh:313:5: note: in instantiation of member function 'qs_vector<CellTallyDomain>::qs_vector' requested here
  313 |     Tallies( int balRep, int fluxRep, int cellRep, std::string spectrumName, int spectrumSize )
      |     ^
20 warnings generated.
clang++ -DQS_LD  -std=c++11 -g -O0 -include cstdint -Wformat -Wall -c MC_Fast_Timer.cc -o MC_Fast_Timer.o
In file included from MC_Fast_Timer.cc:3:
In file included from ./MonteCarlo.hh:8:
./Parameters.hh:104:6: warning: field 'boundaryCondition' will be initialized after field 'energySpectrum' [-Wreorder-ctor]
  103 |      crossSectionsOut(""),
      |      ~~~~~~~~~~~~~~~~~~~~
      |      energySpectrum("")
  104 |      boundaryCondition("reflect"),
      |      ^~~~~~~~~~~~~~~~~~~~~~~~~~~~
      |      crossSectionsOut("")
  105 |      energySpectrum(""),
      |      ~~~~~~~~~~~~~~~~~~
      |      boundaryCondition("reflect")
./Parameters.hh:171:1: warning: 'Parameters' defined as a struct here but previously declared as a class; this is valid, but may result in linker errors under the Microsoft C++ ABI [-Wmismatched-tags]
  171 | struct Parameters
      | ^
./MC_Domain.hh:14:1: note: did you mean struct here?
   14 | class Parameters;
      | ^~~~~
      | struct
In file included from MC_Fast_Timer.cc:4:
./MC_Processor_Info.hh:18:7: warning: field 'comm_mc_world' will be initialized after field 'use_gpu' [-Wreorder-ctor]
   18 |     : comm_mc_world(MPI_COMM_WORLD),
      |       ^~~~~~~~~~~~~~~~~~~~~~~~~~~~~
      |       use_gpu(0)
   19 |       use_gpu(0),
      |       ~~~~~~~~~~
      |       gpu_id(0)
   20 |       gpu_id(0)
      |       ~~~~~~~~~
      |       comm_mc_world(MPI_COMM_WORLD)
In file included from MC_Fast_Timer.cc:3:
In file included from ./MonteCarlo.hh:6:
./QS_Vector.hh:16:52: warning: field '_memPolicy' will be initialized after field '_isOpen' [-Wreorder-ctor]
   16 |    qs_vector() : _data(0), _capacity(0), _size(0), _memPolicy(MemoryControl::AllocationPolicy::HOST_MEM), _isOpen(0) {};
      |                                                    ^~~~~~~~~~~~~~~~~~~~~~~~~~~~~~~~~~~~~~~~~~~~~~~~~~~~   ~~~~~~~~~
      |                                                    _isOpen(0                                              _memPolicy(MemoryControl::AllocationPolicy::HOST_MEM
./MC_Domain.hh:46:4: note: in instantiation of member function 'qs_vector<int>::qs_vector' requested here
   46 |    MC_Mesh_Domain(){};
      |    ^
In file included from MC_Fast_Timer.cc:3:
In file included from ./MonteCarlo.hh:6:
./QS_Vector.hh:16:52: warning: field '_memPolicy' will be initialized after field '_isOpen' [-Wreorder-ctor]
   16 |    qs_vector() : _data(0), _capacity(0), _size(0), _memPolicy(MemoryControl::AllocationPolicy::HOST_MEM), _isOpen(0) {};
      |                                                    ^~~~~~~~~~~~~~~~~~~~~~~~~~~~~~~~~~~~~~~~~~~~~~~~~~~~   ~~~~~~~~~
      |                                                    _isOpen(0                                              _memPolicy(MemoryControl::AllocationPolicy::HOST_MEM
./MC_Domain.hh:46:4: note: in instantiation of member function 'qs_vector<MC_Vector>::qs_vector' requested here
   46 |    MC_Mesh_Domain(){};
      |    ^
In file included from MC_Fast_Timer.cc:3:
In file included from ./MonteCarlo.hh:6:
./QS_Vector.hh:16:52: warning: field '_memPolicy' will be initialized after field '_isOpen' [-Wreorder-ctor]
   16 |    qs_vector() : _data(0), _capacity(0), _size(0), _memPolicy(MemoryControl::AllocationPolicy::HOST_MEM), _isOpen(0) {};
      |                                                    ^~~~~~~~~~~~~~~~~~~~~~~~~~~~~~~~~~~~~~~~~~~~~~~~~~~~   ~~~~~~~~~
      |                                                    _isOpen(0                                              _memPolicy(MemoryControl::AllocationPolicy::HOST_MEM
./MC_Domain.hh:46:4: note: in instantiation of member function 'qs_vector<MC_Facet_Adjacency_Cell>::qs_vector' requested here
   46 |    MC_Mesh_Domain(){};
      |    ^
In file included from MC_Fast_Timer.cc:3:
In file included from ./MonteCarlo.hh:6:
./QS_Vector.hh:16:52: warning: field '_memPolicy' will be initialized after field '_isOpen' [-Wreorder-ctor]
   16 |    qs_vector() : _data(0), _capacity(0), _size(0), _memPolicy(MemoryControl::AllocationPolicy::HOST_MEM), _isOpen(0) {};
      |                                                    ^~~~~~~~~~~~~~~~~~~~~~~~~~~~~~~~~~~~~~~~~~~~~~~~~~~~   ~~~~~~~~~
      |                                                    _isOpen(0                                              _memPolicy(MemoryControl::AllocationPolicy::HOST_MEM
./MC_Domain.hh:46:4: note: in instantiation of member function 'qs_vector<MC_Facet_Geometry_Cell>::qs_vector' requested here
   46 |    MC_Mesh_Domain(){};
      |    ^
In file included from MC_Fast_Timer.cc:3:
In file included from ./MonteCarlo.hh:6:
./QS_Vector.hh:16:52: warning: field '_memPolicy' will be initialized after field '_isOpen' [-Wreorder-ctor]
   16 |    qs_vector() : _data(0), _capacity(0), _size(0), _memPolicy(MemoryControl::AllocationPolicy::HOST_MEM), _isOpen(0) {};
      |                                                    ^~~~~~~~~~~~~~~~~~~~~~~~~~~~~~~~~~~~~~~~~~~~~~~~~~~~   ~~~~~~~~~
      |                                                    _isOpen(0                                              _memPolicy(MemoryControl::AllocationPolicy::HOST_MEM
./MC_Domain.hh:73:5: note: in instantiation of member function 'qs_vector<MC_Cell_State>::qs_vector' requested here
   73 |     MC_Domain(){};
      |     ^
8 warnings generated.
clang++ -DQS_LD  -std=c++11 -g -O0 -include cstdint -Wformat -Wall -c MC_Load_Particle.cc -o MC_Load_Particle.o
In file included from MC_Load_Particle.cc:1:
In file included from ./ParticleVault.hh:4:
In file included from ./MC_Base_Particle.hh:10:
In file included from ./MC_Particle.hh:9:
In file included from ./Tallies.hh:13:
In file included from ./MonteCarlo.hh:8:
./Parameters.hh:104:6: warning: field 'boundaryCondition' will be initialized after field 'energySpectrum' [-Wreorder-ctor]
  103 |      crossSectionsOut(""),
      |      ~~~~~~~~~~~~~~~~~~~~
      |      energySpectrum("")
  104 |      boundaryCondition("reflect"),
      |      ^~~~~~~~~~~~~~~~~~~~~~~~~~~~
      |      crossSectionsOut("")
  105 |      energySpectrum(""),
      |      ~~~~~~~~~~~~~~~~~~
      |      boundaryCondition("reflect")
./Parameters.hh:171:1: warning: 'Parameters' defined as a struct here but previously declared as a class; this is valid, but may result in linker errors under the Microsoft C++ ABI [-Wmismatched-tags]
  171 | struct Parameters
      | ^
./MC_Domain.hh:14:1: note: did you mean struct here?
   14 | class Parameters;
      | ^~~~~
      | struct
In file included from MC_Load_Particle.cc:1:
In file included from ./ParticleVault.hh:4:
In file included from ./MC_Base_Particle.hh:10:
In file included from ./MC_Particle.hh:9:
./Tallies.hh:316:42: warning: field '_num_cellTally_replications' will be initialized after field '_spectrum' [-Wreorder-ctor]
  315 |         _scalarFluxDomain(), _num_balance_replications(balRep), 
      |                              ~~~~~~~~~~~~~~~~~~~~~~~~~~~~~~~~~
      |                              _spectrum(spectrumName, spectrumSize)
  316 |         _num_flux_replications(fluxRep), _num_cellTally_replications(cellRep), 
      |         ~~~~~~~~~~~~~~~~~~~~~~~~~~~~~~~  ^~~~~~~~~~~~~~~~~~~~~~~~~~~~~~~~~~~~
      |         _num_balance_replications(balRep)_num_flux_replications(fluxRep)
  317 |         _spectrum(spectrumName, spectrumSize)
      |         ~~~~~~~~~~~~~~~~~~~~~~~~~~~~~~~~~~~~~
      |         _num_cellTally_replications(cellRep)
In file included from MC_Load_Particle.cc:1:
In file included from ./ParticleVault.hh:4:
In file included from ./MC_Base_Particle.hh:10:
In file included from ./MC_Particle.hh:9:
In file included from ./Tallies.hh:7:
./QS_Vector.hh:16:52: warning: field '_memPolicy' will be initialized after field '_isOpen' [-Wreorder-ctor]
   16 |    qs_vector() : _data(0), _capacity(0), _size(0), _memPolicy(MemoryControl::AllocationPolicy::HOST_MEM), _isOpen(0) {};
      |                                                    ^~~~~~~~~~~~~~~~~~~~~~~~~~~~~~~~~~~~~~~~~~~~~~~~~~~~   ~~~~~~~~~
      |                                                    _isOpen(0                                              _memPolicy(MemoryControl::AllocationPolicy::HOST_MEM
./NuclearData.hh:44:4: note: in instantiation of member function 'qs_vector<long double>::qs_vector' requested here
   44 |    NuclearDataReaction(){};
      |    ^
In file included from MC_Load_Particle.cc:1:
In file included from ./ParticleVault.hh:4:
In file included from ./MC_Base_Particle.hh:10:
In file included from ./MC_Particle.hh:9:
In file included from ./Tallies.hh:7:
./QS_Vector.hh:19:46: warning: field '_memPolicy' will be initialized after field '_isOpen' [-Wreorder-ctor]
   19 |    : _data(0), _capacity(size), _size(size), _memPolicy(memPolicy), _isOpen(0) 
      |                                              ^~~~~~~~~~~~~~~~~~~~   ~~~~~~~~~
      |                                              _isOpen(0              _memPolicy(memPolicy
./NuclearData.hh:80:6: note: in instantiation of member function 'qs_vector<NuclearDataSpecies>::qs_vector' requested here
   80 |    : _species(1,VAR_MEM){}
      |      ^
In file included from MC_Load_Particle.cc:1:
In file included from ./ParticleVault.hh:4:
In file included from ./MC_Base_Particle.hh:10:
In file included from ./MC_Particle.hh:9:
In file included from ./Tallies.hh:7:
./QS_Vector.hh:16:52: warning: field '_memPolicy' will be initialized after field '_isOpen' [-Wreorder-ctor]
   16 |    qs_vector() : _data(0), _capacity(0), _size(0), _memPolicy(MemoryControl::AllocationPolicy::HOST_MEM), _isOpen(0) {};
      |                                                    ^~~~~~~~~~~~~~~~~~~~~~~~~~~~~~~~~~~~~~~~~~~~~~~~~~~~   ~~~~~~~~~
      |                                                    _isOpen(0                                              _memPolicy(MemoryControl::AllocationPolicy::HOST_MEM
./NuclearData.hh:64:7: note: in instantiation of member function 'qs_vector<NuclearDataReaction>::qs_vector' requested here
   64 | class NuclearDataSpecies
      |       ^
./QS_Vector.hh:21:30: note: in instantiation of function template specialization 'MemoryControl::allocate<NuclearDataSpecies>' requested here
   21 |       _data = MemoryControl::allocate<T>(size, memPolicy);
      |                              ^
./NuclearData.hh:80:6: note: in instantiation of member function 'qs_vector<NuclearDataSpecies>::qs_vector' requested here
   80 |    : _species(1,VAR_MEM){}
      |      ^
In file included from MC_Load_Particle.cc:1:
In file included from ./ParticleVault.hh:4:
In file included from ./MC_Base_Particle.hh:10:
In file included from ./MC_Particle.hh:9:
In file included from ./Tallies.hh:7:
./QS_Vector.hh:16:52: warning: field '_memPolicy' will be initialized after field '_isOpen' [-Wreorder-ctor]
   16 |    qs_vector() : _data(0), _capacity(0), _size(0), _memPolicy(MemoryControl::AllocationPolicy::HOST_MEM), _isOpen(0) {};
      |                                                    ^~~~~~~~~~~~~~~~~~~~~~~~~~~~~~~~~~~~~~~~~~~~~~~~~~~~   ~~~~~~~~~
      |                                                    _isOpen(0                                              _memPolicy(MemoryControl::AllocationPolicy::HOST_MEM
./MC_Domain.hh:46:4: note: in instantiation of member function 'qs_vector<int>::qs_vector' requested here
   46 |    MC_Mesh_Domain(){};
      |    ^
In file included from MC_Load_Particle.cc:1:
In file included from ./ParticleVault.hh:4:
In file included from ./MC_Base_Particle.hh:10:
In file included from ./MC_Particle.hh:9:
In file included from ./Tallies.hh:7:
./QS_Vector.hh:16:52: warning: field '_memPolicy' will be initialized after field '_isOpen' [-Wreorder-ctor]
   16 |    qs_vector() : _data(0), _capacity(0), _size(0), _memPolicy(MemoryControl::AllocationPolicy::HOST_MEM), _isOpen(0) {};
      |                                                    ^~~~~~~~~~~~~~~~~~~~~~~~~~~~~~~~~~~~~~~~~~~~~~~~~~~~   ~~~~~~~~~
      |                                                    _isOpen(0                                              _memPolicy(MemoryControl::AllocationPolicy::HOST_MEM
./MC_Domain.hh:46:4: note: in instantiation of member function 'qs_vector<MC_Vector>::qs_vector' requested here
   46 |    MC_Mesh_Domain(){};
      |    ^
In file included from MC_Load_Particle.cc:1:
In file included from ./ParticleVault.hh:4:
In file included from ./MC_Base_Particle.hh:10:
In file included from ./MC_Particle.hh:9:
In file included from ./Tallies.hh:7:
./QS_Vector.hh:16:52: warning: field '_memPolicy' will be initialized after field '_isOpen' [-Wreorder-ctor]
   16 |    qs_vector() : _data(0), _capacity(0), _size(0), _memPolicy(MemoryControl::AllocationPolicy::HOST_MEM), _isOpen(0) {};
      |                                                    ^~~~~~~~~~~~~~~~~~~~~~~~~~~~~~~~~~~~~~~~~~~~~~~~~~~~   ~~~~~~~~~
      |                                                    _isOpen(0                                              _memPolicy(MemoryControl::AllocationPolicy::HOST_MEM
./MC_Domain.hh:46:4: note: in instantiation of member function 'qs_vector<MC_Facet_Adjacency_Cell>::qs_vector' requested here
   46 |    MC_Mesh_Domain(){};
      |    ^
In file included from MC_Load_Particle.cc:1:
In file included from ./ParticleVault.hh:4:
In file included from ./MC_Base_Particle.hh:10:
In file included from ./MC_Particle.hh:9:
In file included from ./Tallies.hh:7:
./QS_Vector.hh:16:52: warning: field '_memPolicy' will be initialized after field '_isOpen' [-Wreorder-ctor]
   16 |    qs_vector() : _data(0), _capacity(0), _size(0), _memPolicy(MemoryControl::AllocationPolicy::HOST_MEM), _isOpen(0) {};
      |                                                    ^~~~~~~~~~~~~~~~~~~~~~~~~~~~~~~~~~~~~~~~~~~~~~~~~~~~   ~~~~~~~~~
      |                                                    _isOpen(0                                              _memPolicy(MemoryControl::AllocationPolicy::HOST_MEM
./MC_Domain.hh:46:4: note: in instantiation of member function 'qs_vector<MC_Facet_Geometry_Cell>::qs_vector' requested here
   46 |    MC_Mesh_Domain(){};
      |    ^
In file included from MC_Load_Particle.cc:1:
In file included from ./ParticleVault.hh:4:
In file included from ./MC_Base_Particle.hh:10:
In file included from ./MC_Particle.hh:9:
In file included from ./Tallies.hh:7:
./QS_Vector.hh:16:52: warning: field '_memPolicy' will be initialized after field '_isOpen' [-Wreorder-ctor]
   16 |    qs_vector() : _data(0), _capacity(0), _size(0), _memPolicy(MemoryControl::AllocationPolicy::HOST_MEM), _isOpen(0) {};
      |                                                    ^~~~~~~~~~~~~~~~~~~~~~~~~~~~~~~~~~~~~~~~~~~~~~~~~~~~   ~~~~~~~~~
      |                                                    _isOpen(0                                              _memPolicy(MemoryControl::AllocationPolicy::HOST_MEM
./MC_Domain.hh:73:5: note: in instantiation of member function 'qs_vector<MC_Cell_State>::qs_vector' requested here
   73 |     MC_Domain(){};
      |     ^
In file included from MC_Load_Particle.cc:1:
In file included from ./ParticleVault.hh:4:
In file included from ./MC_Base_Particle.hh:10:
In file included from ./MC_Particle.hh:9:
In file included from ./Tallies.hh:7:
./QS_Vector.hh:16:52: warning: field '_memPolicy' will be initialized after field '_isOpen' [-Wreorder-ctor]
   16 |    qs_vector() : _data(0), _capacity(0), _size(0), _memPolicy(MemoryControl::AllocationPolicy::HOST_MEM), _isOpen(0) {};
      |                                                    ^~~~~~~~~~~~~~~~~~~~~~~~~~~~~~~~~~~~~~~~~~~~~~~~~~~~   ~~~~~~~~~
      |                                                    _isOpen(0                                              _memPolicy(MemoryControl::AllocationPolicy::HOST_MEM
./Tallies.hh:175:23: note: in instantiation of member function 'qs_vector<ScalarFluxCell>::qs_vector' requested here
  175 |    ScalarFluxTask() : _cell() {}
      |                       ^
In file included from MC_Load_Particle.cc:1:
In file included from ./ParticleVault.hh:4:
In file included from ./MC_Base_Particle.hh:10:
In file included from ./MC_Particle.hh:9:
In file included from ./Tallies.hh:7:
./QS_Vector.hh:16:52: warning: field '_memPolicy' will be initialized after field '_isOpen' [-Wreorder-ctor]
   16 |    qs_vector() : _data(0), _capacity(0), _size(0), _memPolicy(MemoryControl::AllocationPolicy::HOST_MEM), _isOpen(0) {};
      |                                                    ^~~~~~~~~~~~~~~~~~~~~~~~~~~~~~~~~~~~~~~~~~~~~~~~~~~~   ~~~~~~~~~
      |                                                    _isOpen(0                                              _memPolicy(MemoryControl::AllocationPolicy::HOST_MEM
./Tallies.hh:226:24: note: in instantiation of member function 'qs_vector<CellTallyTask>::qs_vector' requested here
  226 |    CellTallyDomain() : _task() {}
      |                        ^
In file included from MC_Load_Particle.cc:1:
In file included from ./ParticleVault.hh:4:
In file included from ./MC_Base_Particle.hh:10:
In file included from ./MC_Particle.hh:9:
In file included from ./Tallies.hh:7:
./QS_Vector.hh:35:58: warning: field '_memPolicy' will be initialized after field '_isOpen' [-Wreorder-ctor]
   35 |    : _data(0), _capacity(aa._capacity), _size(aa._size), _memPolicy(aa._memPolicy), _isOpen(aa._isOpen)
      |                                                          ^~~~~~~~~~~~~~~~~~~~~~~~   ~~~~~~~~~~~~~~~~~~
      |                                                          _isOpen(aa._isOpen         _memPolicy(aa._memPolicy
./QS_Vector.hh:63:23: note: in instantiation of member function 'qs_vector<long double>::qs_vector' requested here
   63 |          qs_vector<T> temp(aa);
      |                       ^
./Tallies.hh:128:7: note: in instantiation of member function 'qs_vector<long double>::operator=' requested here
  128 | class CellTallyTask
      |       ^
./Tallies.hh:238:17: note: in instantiation of member function 'qs_vector<CellTallyTask>::push_back' requested here
  238 |           _task.push_back(CellTallyTask(domain));
      |                 ^
In file included from MC_Load_Particle.cc:1:
In file included from ./ParticleVault.hh:4:
In file included from ./MC_Base_Particle.hh:10:
In file included from ./MC_Particle.hh:9:
In file included from ./Tallies.hh:7:
./QS_Vector.hh:16:52: warning: field '_memPolicy' will be initialized after field '_isOpen' [-Wreorder-ctor]
   16 |    qs_vector() : _data(0), _capacity(0), _size(0), _memPolicy(MemoryControl::AllocationPolicy::HOST_MEM), _isOpen(0) {};
      |                                                    ^~~~~~~~~~~~~~~~~~~~~~~~~~~~~~~~~~~~~~~~~~~~~~~~~~~~   ~~~~~~~~~
      |                                                    _isOpen(0                                              _memPolicy(MemoryControl::AllocationPolicy::HOST_MEM
./Tallies.hh:251:25: note: in instantiation of member function 'qs_vector<ScalarFluxTask>::qs_vector' requested here
  251 |    ScalarFluxDomain() : _task() {}
      |                         ^
In file included from MC_Load_Particle.cc:1:
In file included from ./ParticleVault.hh:4:
In file included from ./MC_Base_Particle.hh:10:
In file included from ./MC_Particle.hh:9:
In file included from ./Tallies.hh:7:
./QS_Vector.hh:35:58: warning: field '_memPolicy' will be initialized after field '_isOpen' [-Wreorder-ctor]
   35 |    : _data(0), _capacity(aa._capacity), _size(aa._size), _memPolicy(aa._memPolicy), _isOpen(aa._isOpen)
      |                                                          ^~~~~~~~~~~~~~~~~~~~~~~~   ~~~~~~~~~~~~~~~~~~
      |                                                          _isOpen(aa._isOpen         _memPolicy(aa._memPolicy
./QS_Vector.hh:63:23: note: in instantiation of member function 'qs_vector<ScalarFluxCell>::qs_vector' requested here
   63 |          qs_vector<T> temp(aa);
      |                       ^
./Tallies.hh:169:7: note: in instantiation of member function 'qs_vector<ScalarFluxCell>::operator=' requested here
  169 | class ScalarFluxTask
      |       ^
./Tallies.hh:263:17: note: in instantiation of member function 'qs_vector<ScalarFluxTask>::push_back' requested here
  263 |           _task.push_back(ScalarFluxTask(domain, numGroups));
      |                 ^
In file included from MC_Load_Particle.cc:1:
In file included from ./ParticleVault.hh:4:
In file included from ./MC_Base_Particle.hh:10:
In file included from ./MC_Particle.hh:9:
In file included from ./Tallies.hh:7:
./QS_Vector.hh:16:52: warning: field '_memPolicy' will be initialized after field '_isOpen' [-Wreorder-ctor]
   16 |    qs_vector() : _data(0), _capacity(0), _size(0), _memPolicy(MemoryControl::AllocationPolicy::HOST_MEM), _isOpen(0) {};
      |                                                    ^~~~~~~~~~~~~~~~~~~~~~~~~~~~~~~~~~~~~~~~~~~~~~~~~~~~   ~~~~~~~~~
      |                                                    _isOpen(0                                              _memPolicy(MemoryControl::AllocationPolicy::HOST_MEM
./Tallies.hh:314:31: note: in instantiation of member function 'qs_vector<Balance>::qs_vector' requested here
  314 |       : _balanceCumulative(), _balanceTask(),
      |                               ^
In file included from MC_Load_Particle.cc:1:
In file included from ./ParticleVault.hh:4:
In file included from ./MC_Base_Particle.hh:10:
In file included from ./MC_Particle.hh:9:
In file included from ./Tallies.hh:7:
./QS_Vector.hh:16:52: warning: field '_memPolicy' will be initialized after field '_isOpen' [-Wreorder-ctor]
   16 |    qs_vector() : _data(0), _capacity(0), _size(0), _memPolicy(MemoryControl::AllocationPolicy::HOST_MEM), _isOpen(0) {};
      |                                                    ^~~~~~~~~~~~~~~~~~~~~~~~~~~~~~~~~~~~~~~~~~~~~~~~~~~~   ~~~~~~~~~
      |                                                    _isOpen(0                                              _memPolicy(MemoryControl::AllocationPolicy::HOST_MEM
./Tallies.hh:315:9: note: in instantiation of member function 'qs_vector<ScalarFluxDomain>::qs_vector' requested here
  315 |         _scalarFluxDomain(), _num_balance_replications(balRep), 
      |         ^
In file included from MC_Load_Particle.cc:1:
In file included from ./ParticleVault.hh:4:
In file included from ./MC_Base_Particle.hh:10:
In file included from ./MC_Particle.hh:9:
In file included from ./Tallies.hh:7:
./QS_Vector.hh:16:52: warning: field '_memPolicy' will be initialized after field '_isOpen' [-Wreorder-ctor]
   16 |    qs_vector() : _data(0), _capacity(0), _size(0), _memPolicy(MemoryControl::AllocationPolicy::HOST_MEM), _isOpen(0) {};
      |                                                    ^~~~~~~~~~~~~~~~~~~~~~~~~~~~~~~~~~~~~~~~~~~~~~~~~~~~   ~~~~~~~~~
      |                                                    _isOpen(0                                              _memPolicy(MemoryControl::AllocationPolicy::HOST_MEM
./Tallies.hh:313:5: note: in instantiation of member function 'qs_vector<CellTallyDomain>::qs_vector' requested here
  313 |     Tallies( int balRep, int fluxRep, int cellRep, std::string spectrumName, int spectrumSize )
      |     ^
19 warnings generated.
clang++ -DQS_LD  -std=c++11 -g -O0 -include cstdint -Wformat -Wall -c MC_Location.cc -o MC_Location.o
In file included from MC_Location.cc:2:
In file included from ./MonteCarlo.hh:8:
./Parameters.hh:104:6: warning: field 'boundaryCondition' will be initialized after field 'energySpectrum' [-Wreorder-ctor]
  103 |      crossSectionsOut(""),
      |      ~~~~~~~~~~~~~~~~~~~~
      |      energySpectrum("")
  104 |      boundaryCondition("reflect"),
      |      ^~~~~~~~~~~~~~~~~~~~~~~~~~~~
      |      crossSectionsOut("")
  105 |      energySpectrum(""),
      |      ~~~~~~~~~~~~~~~~~~
      |      boundaryCondition("reflect")
./Parameters.hh:171:1: warning: 'Parameters' defined as a struct here but previously declared as a class; this is valid, but may result in linker errors under the Microsoft C++ ABI [-Wmismatched-tags]
  171 | struct Parameters
      | ^
./MC_Domain.hh:14:1: note: did you mean struct here?
   14 | class Parameters;
      | ^~~~~
      | struct
In file included from MC_Location.cc:2:
In file included from ./MonteCarlo.hh:6:
./QS_Vector.hh:16:52: warning: field '_memPolicy' will be initialized after field '_isOpen' [-Wreorder-ctor]
   16 |    qs_vector() : _data(0), _capacity(0), _size(0), _memPolicy(MemoryControl::AllocationPolicy::HOST_MEM), _isOpen(0) {};
      |                                                    ^~~~~~~~~~~~~~~~~~~~~~~~~~~~~~~~~~~~~~~~~~~~~~~~~~~~   ~~~~~~~~~
      |                                                    _isOpen(0                                              _memPolicy(MemoryControl::AllocationPolicy::HOST_MEM
./MC_Domain.hh:46:4: note: in instantiation of member function 'qs_vector<int>::qs_vector' requested here
   46 |    MC_Mesh_Domain(){};
      |    ^
In file included from MC_Location.cc:2:
In file included from ./MonteCarlo.hh:6:
./QS_Vector.hh:16:52: warning: field '_memPolicy' will be initialized after field '_isOpen' [-Wreorder-ctor]
   16 |    qs_vector() : _data(0), _capacity(0), _size(0), _memPolicy(MemoryControl::AllocationPolicy::HOST_MEM), _isOpen(0) {};
      |                                                    ^~~~~~~~~~~~~~~~~~~~~~~~~~~~~~~~~~~~~~~~~~~~~~~~~~~~   ~~~~~~~~~
      |                                                    _isOpen(0                                              _memPolicy(MemoryControl::AllocationPolicy::HOST_MEM
./MC_Domain.hh:46:4: note: in instantiation of member function 'qs_vector<MC_Vector>::qs_vector' requested here
   46 |    MC_Mesh_Domain(){};
      |    ^
In file included from MC_Location.cc:2:
In file included from ./MonteCarlo.hh:6:
./QS_Vector.hh:16:52: warning: field '_memPolicy' will be initialized after field '_isOpen' [-Wreorder-ctor]
   16 |    qs_vector() : _data(0), _capacity(0), _size(0), _memPolicy(MemoryControl::AllocationPolicy::HOST_MEM), _isOpen(0) {};
      |                                                    ^~~~~~~~~~~~~~~~~~~~~~~~~~~~~~~~~~~~~~~~~~~~~~~~~~~~   ~~~~~~~~~
      |                                                    _isOpen(0                                              _memPolicy(MemoryControl::AllocationPolicy::HOST_MEM
./MC_Domain.hh:46:4: note: in instantiation of member function 'qs_vector<MC_Facet_Adjacency_Cell>::qs_vector' requested here
   46 |    MC_Mesh_Domain(){};
      |    ^
In file included from MC_Location.cc:2:
In file included from ./MonteCarlo.hh:6:
./QS_Vector.hh:16:52: warning: field '_memPolicy' will be initialized after field '_isOpen' [-Wreorder-ctor]
   16 |    qs_vector() : _data(0), _capacity(0), _size(0), _memPolicy(MemoryControl::AllocationPolicy::HOST_MEM), _isOpen(0) {};
      |                                                    ^~~~~~~~~~~~~~~~~~~~~~~~~~~~~~~~~~~~~~~~~~~~~~~~~~~~   ~~~~~~~~~
      |                                                    _isOpen(0                                              _memPolicy(MemoryControl::AllocationPolicy::HOST_MEM
./MC_Domain.hh:46:4: note: in instantiation of member function 'qs_vector<MC_Facet_Geometry_Cell>::qs_vector' requested here
   46 |    MC_Mesh_Domain(){};
      |    ^
In file included from MC_Location.cc:2:
In file included from ./MonteCarlo.hh:6:
./QS_Vector.hh:16:52: warning: field '_memPolicy' will be initialized after field '_isOpen' [-Wreorder-ctor]
   16 |    qs_vector() : _data(0), _capacity(0), _size(0), _memPolicy(MemoryControl::AllocationPolicy::HOST_MEM), _isOpen(0) {};
      |                                                    ^~~~~~~~~~~~~~~~~~~~~~~~~~~~~~~~~~~~~~~~~~~~~~~~~~~~   ~~~~~~~~~
      |                                                    _isOpen(0                                              _memPolicy(MemoryControl::AllocationPolicy::HOST_MEM
./MC_Domain.hh:73:5: note: in instantiation of member function 'qs_vector<MC_Cell_State>::qs_vector' requested here
   73 |     MC_Domain(){};
      |     ^
7 warnings generated.
clang++ -DQS_LD  -std=c++11 -g -O0 -include cstdint -Wformat -Wall -c MC_Particle_Buffer.cc -o MC_Particle_Buffer.o
In file included from MC_Particle_Buffer.cc:1:
In file included from ./MC_Particle_Buffer.hh:6:
./MC_Processor_Info.hh:18:7: warning: field 'comm_mc_world' will be initialized after field 'use_gpu' [-Wreorder-ctor]
   18 |     : comm_mc_world(MPI_COMM_WORLD),
      |       ^~~~~~~~~~~~~~~~~~~~~~~~~~~~~
      |       use_gpu(0)
   19 |       use_gpu(0),
      |       ~~~~~~~~~~
      |       gpu_id(0)
   20 |       gpu_id(0)
      |       ~~~~~~~~~
      |       comm_mc_world(MPI_COMM_WORLD)
In file included from MC_Particle_Buffer.cc:1:
In file included from ./MC_Particle_Buffer.hh:7:
In file included from ./MC_Base_Particle.hh:10:
In file included from ./MC_Particle.hh:9:
In file included from ./Tallies.hh:13:
In file included from ./MonteCarlo.hh:8:
./Parameters.hh:104:6: warning: field 'boundaryCondition' will be initialized after field 'energySpectrum' [-Wreorder-ctor]
  103 |      crossSectionsOut(""),
      |      ~~~~~~~~~~~~~~~~~~~~
      |      energySpectrum("")
  104 |      boundaryCondition("reflect"),
      |      ^~~~~~~~~~~~~~~~~~~~~~~~~~~~
      |      crossSectionsOut("")
  105 |      energySpectrum(""),
      |      ~~~~~~~~~~~~~~~~~~
      |      boundaryCondition("reflect")
./Parameters.hh:171:1: warning: 'Parameters' defined as a struct here but previously declared as a class; this is valid, but may result in linker errors under the Microsoft C++ ABI [-Wmismatched-tags]
  171 | struct Parameters
      | ^
./MC_Domain.hh:14:1: note: did you mean struct here?
   14 | class Parameters;
      | ^~~~~
      | struct
In file included from MC_Particle_Buffer.cc:1:
In file included from ./MC_Particle_Buffer.hh:7:
In file included from ./MC_Base_Particle.hh:10:
In file included from ./MC_Particle.hh:9:
./Tallies.hh:316:42: warning: field '_num_cellTally_replications' will be initialized after field '_spectrum' [-Wreorder-ctor]
  315 |         _scalarFluxDomain(), _num_balance_replications(balRep), 
      |                              ~~~~~~~~~~~~~~~~~~~~~~~~~~~~~~~~~
      |                              _spectrum(spectrumName, spectrumSize)
  316 |         _num_flux_replications(fluxRep), _num_cellTally_replications(cellRep), 
      |         ~~~~~~~~~~~~~~~~~~~~~~~~~~~~~~~  ^~~~~~~~~~~~~~~~~~~~~~~~~~~~~~~~~~~~
      |         _num_balance_replications(balRep)_num_flux_replications(fluxRep)
  317 |         _spectrum(spectrumName, spectrumSize)
      |         ~~~~~~~~~~~~~~~~~~~~~~~~~~~~~~~~~~~~~
      |         _num_cellTally_replications(cellRep)
In file included from MC_Particle_Buffer.cc:1:
In file included from ./MC_Particle_Buffer.hh:7:
In file included from ./MC_Base_Particle.hh:10:
In file included from ./MC_Particle.hh:9:
In file included from ./Tallies.hh:7:
./QS_Vector.hh:16:52: warning: field '_memPolicy' will be initialized after field '_isOpen' [-Wreorder-ctor]
   16 |    qs_vector() : _data(0), _capacity(0), _size(0), _memPolicy(MemoryControl::AllocationPolicy::HOST_MEM), _isOpen(0) {};
      |                                                    ^~~~~~~~~~~~~~~~~~~~~~~~~~~~~~~~~~~~~~~~~~~~~~~~~~~~   ~~~~~~~~~
      |                                                    _isOpen(0                                              _memPolicy(MemoryControl::AllocationPolicy::HOST_MEM
./NuclearData.hh:44:4: note: in instantiation of member function 'qs_vector<long double>::qs_vector' requested here
   44 |    NuclearDataReaction(){};
      |    ^
In file included from MC_Particle_Buffer.cc:1:
In file included from ./MC_Particle_Buffer.hh:7:
In file included from ./MC_Base_Particle.hh:10:
In file included from ./MC_Particle.hh:9:
In file included from ./Tallies.hh:7:
./QS_Vector.hh:19:46: warning: field '_memPolicy' will be initialized after field '_isOpen' [-Wreorder-ctor]
   19 |    : _data(0), _capacity(size), _size(size), _memPolicy(memPolicy), _isOpen(0) 
      |                                              ^~~~~~~~~~~~~~~~~~~~   ~~~~~~~~~
      |                                              _isOpen(0              _memPolicy(memPolicy
./NuclearData.hh:80:6: note: in instantiation of member function 'qs_vector<NuclearDataSpecies>::qs_vector' requested here
   80 |    : _species(1,VAR_MEM){}
      |      ^
In file included from MC_Particle_Buffer.cc:1:
In file included from ./MC_Particle_Buffer.hh:7:
In file included from ./MC_Base_Particle.hh:10:
In file included from ./MC_Particle.hh:9:
In file included from ./Tallies.hh:7:
./QS_Vector.hh:16:52: warning: field '_memPolicy' will be initialized after field '_isOpen' [-Wreorder-ctor]
   16 |    qs_vector() : _data(0), _capacity(0), _size(0), _memPolicy(MemoryControl::AllocationPolicy::HOST_MEM), _isOpen(0) {};
      |                                                    ^~~~~~~~~~~~~~~~~~~~~~~~~~~~~~~~~~~~~~~~~~~~~~~~~~~~   ~~~~~~~~~
      |                                                    _isOpen(0                                              _memPolicy(MemoryControl::AllocationPolicy::HOST_MEM
./NuclearData.hh:64:7: note: in instantiation of member function 'qs_vector<NuclearDataReaction>::qs_vector' requested here
   64 | class NuclearDataSpecies
      |       ^
./QS_Vector.hh:21:30: note: in instantiation of function template specialization 'MemoryControl::allocate<NuclearDataSpecies>' requested here
   21 |       _data = MemoryControl::allocate<T>(size, memPolicy);
      |                              ^
./NuclearData.hh:80:6: note: in instantiation of member function 'qs_vector<NuclearDataSpecies>::qs_vector' requested here
   80 |    : _species(1,VAR_MEM){}
      |      ^
In file included from MC_Particle_Buffer.cc:1:
In file included from ./MC_Particle_Buffer.hh:7:
In file included from ./MC_Base_Particle.hh:10:
In file included from ./MC_Particle.hh:9:
In file included from ./Tallies.hh:7:
./QS_Vector.hh:16:52: warning: field '_memPolicy' will be initialized after field '_isOpen' [-Wreorder-ctor]
   16 |    qs_vector() : _data(0), _capacity(0), _size(0), _memPolicy(MemoryControl::AllocationPolicy::HOST_MEM), _isOpen(0) {};
      |                                                    ^~~~~~~~~~~~~~~~~~~~~~~~~~~~~~~~~~~~~~~~~~~~~~~~~~~~   ~~~~~~~~~
      |                                                    _isOpen(0                                              _memPolicy(MemoryControl::AllocationPolicy::HOST_MEM
./MC_Domain.hh:46:4: note: in instantiation of member function 'qs_vector<int>::qs_vector' requested here
   46 |    MC_Mesh_Domain(){};
      |    ^
In file included from MC_Particle_Buffer.cc:1:
In file included from ./MC_Particle_Buffer.hh:7:
In file included from ./MC_Base_Particle.hh:10:
In file included from ./MC_Particle.hh:9:
In file included from ./Tallies.hh:7:
./QS_Vector.hh:16:52: warning: field '_memPolicy' will be initialized after field '_isOpen' [-Wreorder-ctor]
   16 |    qs_vector() : _data(0), _capacity(0), _size(0), _memPolicy(MemoryControl::AllocationPolicy::HOST_MEM), _isOpen(0) {};
      |                                                    ^~~~~~~~~~~~~~~~~~~~~~~~~~~~~~~~~~~~~~~~~~~~~~~~~~~~   ~~~~~~~~~
      |                                                    _isOpen(0                                              _memPolicy(MemoryControl::AllocationPolicy::HOST_MEM
./MC_Domain.hh:46:4: note: in instantiation of member function 'qs_vector<MC_Vector>::qs_vector' requested here
   46 |    MC_Mesh_Domain(){};
      |    ^
In file included from MC_Particle_Buffer.cc:1:
In file included from ./MC_Particle_Buffer.hh:7:
In file included from ./MC_Base_Particle.hh:10:
In file included from ./MC_Particle.hh:9:
In file included from ./Tallies.hh:7:
./QS_Vector.hh:16:52: warning: field '_memPolicy' will be initialized after field '_isOpen' [-Wreorder-ctor]
   16 |    qs_vector() : _data(0), _capacity(0), _size(0), _memPolicy(MemoryControl::AllocationPolicy::HOST_MEM), _isOpen(0) {};
      |                                                    ^~~~~~~~~~~~~~~~~~~~~~~~~~~~~~~~~~~~~~~~~~~~~~~~~~~~   ~~~~~~~~~
      |                                                    _isOpen(0                                              _memPolicy(MemoryControl::AllocationPolicy::HOST_MEM
./MC_Domain.hh:46:4: note: in instantiation of member function 'qs_vector<MC_Facet_Adjacency_Cell>::qs_vector' requested here
   46 |    MC_Mesh_Domain(){};
      |    ^
In file included from MC_Particle_Buffer.cc:1:
In file included from ./MC_Particle_Buffer.hh:7:
In file included from ./MC_Base_Particle.hh:10:
In file included from ./MC_Particle.hh:9:
In file included from ./Tallies.hh:7:
./QS_Vector.hh:16:52: warning: field '_memPolicy' will be initialized after field '_isOpen' [-Wreorder-ctor]
   16 |    qs_vector() : _data(0), _capacity(0), _size(0), _memPolicy(MemoryControl::AllocationPolicy::HOST_MEM), _isOpen(0) {};
      |                                                    ^~~~~~~~~~~~~~~~~~~~~~~~~~~~~~~~~~~~~~~~~~~~~~~~~~~~   ~~~~~~~~~
      |                                                    _isOpen(0                                              _memPolicy(MemoryControl::AllocationPolicy::HOST_MEM
./MC_Domain.hh:46:4: note: in instantiation of member function 'qs_vector<MC_Facet_Geometry_Cell>::qs_vector' requested here
   46 |    MC_Mesh_Domain(){};
      |    ^
In file included from MC_Particle_Buffer.cc:1:
In file included from ./MC_Particle_Buffer.hh:7:
In file included from ./MC_Base_Particle.hh:10:
In file included from ./MC_Particle.hh:9:
In file included from ./Tallies.hh:7:
./QS_Vector.hh:16:52: warning: field '_memPolicy' will be initialized after field '_isOpen' [-Wreorder-ctor]
   16 |    qs_vector() : _data(0), _capacity(0), _size(0), _memPolicy(MemoryControl::AllocationPolicy::HOST_MEM), _isOpen(0) {};
      |                                                    ^~~~~~~~~~~~~~~~~~~~~~~~~~~~~~~~~~~~~~~~~~~~~~~~~~~~   ~~~~~~~~~
      |                                                    _isOpen(0                                              _memPolicy(MemoryControl::AllocationPolicy::HOST_MEM
./MC_Domain.hh:73:5: note: in instantiation of member function 'qs_vector<MC_Cell_State>::qs_vector' requested here
   73 |     MC_Domain(){};
      |     ^
In file included from MC_Particle_Buffer.cc:1:
In file included from ./MC_Particle_Buffer.hh:7:
In file included from ./MC_Base_Particle.hh:10:
In file included from ./MC_Particle.hh:9:
In file included from ./Tallies.hh:7:
./QS_Vector.hh:16:52: warning: field '_memPolicy' will be initialized after field '_isOpen' [-Wreorder-ctor]
   16 |    qs_vector() : _data(0), _capacity(0), _size(0), _memPolicy(MemoryControl::AllocationPolicy::HOST_MEM), _isOpen(0) {};
      |                                                    ^~~~~~~~~~~~~~~~~~~~~~~~~~~~~~~~~~~~~~~~~~~~~~~~~~~~   ~~~~~~~~~
      |                                                    _isOpen(0                                              _memPolicy(MemoryControl::AllocationPolicy::HOST_MEM
./Tallies.hh:175:23: note: in instantiation of member function 'qs_vector<ScalarFluxCell>::qs_vector' requested here
  175 |    ScalarFluxTask() : _cell() {}
      |                       ^
In file included from MC_Particle_Buffer.cc:1:
In file included from ./MC_Particle_Buffer.hh:7:
In file included from ./MC_Base_Particle.hh:10:
In file included from ./MC_Particle.hh:9:
In file included from ./Tallies.hh:7:
./QS_Vector.hh:16:52: warning: field '_memPolicy' will be initialized after field '_isOpen' [-Wreorder-ctor]
   16 |    qs_vector() : _data(0), _capacity(0), _size(0), _memPolicy(MemoryControl::AllocationPolicy::HOST_MEM), _isOpen(0) {};
      |                                                    ^~~~~~~~~~~~~~~~~~~~~~~~~~~~~~~~~~~~~~~~~~~~~~~~~~~~   ~~~~~~~~~
      |                                                    _isOpen(0                                              _memPolicy(MemoryControl::AllocationPolicy::HOST_MEM
./Tallies.hh:226:24: note: in instantiation of member function 'qs_vector<CellTallyTask>::qs_vector' requested here
  226 |    CellTallyDomain() : _task() {}
      |                        ^
In file included from MC_Particle_Buffer.cc:1:
In file included from ./MC_Particle_Buffer.hh:7:
In file included from ./MC_Base_Particle.hh:10:
In file included from ./MC_Particle.hh:9:
In file included from ./Tallies.hh:7:
./QS_Vector.hh:35:58: warning: field '_memPolicy' will be initialized after field '_isOpen' [-Wreorder-ctor]
   35 |    : _data(0), _capacity(aa._capacity), _size(aa._size), _memPolicy(aa._memPolicy), _isOpen(aa._isOpen)
      |                                                          ^~~~~~~~~~~~~~~~~~~~~~~~   ~~~~~~~~~~~~~~~~~~
      |                                                          _isOpen(aa._isOpen         _memPolicy(aa._memPolicy
./QS_Vector.hh:63:23: note: in instantiation of member function 'qs_vector<long double>::qs_vector' requested here
   63 |          qs_vector<T> temp(aa);
      |                       ^
./Tallies.hh:128:7: note: in instantiation of member function 'qs_vector<long double>::operator=' requested here
  128 | class CellTallyTask
      |       ^
./Tallies.hh:238:17: note: in instantiation of member function 'qs_vector<CellTallyTask>::push_back' requested here
  238 |           _task.push_back(CellTallyTask(domain));
      |                 ^
In file included from MC_Particle_Buffer.cc:1:
In file included from ./MC_Particle_Buffer.hh:7:
In file included from ./MC_Base_Particle.hh:10:
In file included from ./MC_Particle.hh:9:
In file included from ./Tallies.hh:7:
./QS_Vector.hh:16:52: warning: field '_memPolicy' will be initialized after field '_isOpen' [-Wreorder-ctor]
   16 |    qs_vector() : _data(0), _capacity(0), _size(0), _memPolicy(MemoryControl::AllocationPolicy::HOST_MEM), _isOpen(0) {};
      |                                                    ^~~~~~~~~~~~~~~~~~~~~~~~~~~~~~~~~~~~~~~~~~~~~~~~~~~~   ~~~~~~~~~
      |                                                    _isOpen(0                                              _memPolicy(MemoryControl::AllocationPolicy::HOST_MEM
./Tallies.hh:251:25: note: in instantiation of member function 'qs_vector<ScalarFluxTask>::qs_vector' requested here
  251 |    ScalarFluxDomain() : _task() {}
      |                         ^
In file included from MC_Particle_Buffer.cc:1:
In file included from ./MC_Particle_Buffer.hh:7:
In file included from ./MC_Base_Particle.hh:10:
In file included from ./MC_Particle.hh:9:
In file included from ./Tallies.hh:7:
./QS_Vector.hh:35:58: warning: field '_memPolicy' will be initialized after field '_isOpen' [-Wreorder-ctor]
   35 |    : _data(0), _capacity(aa._capacity), _size(aa._size), _memPolicy(aa._memPolicy), _isOpen(aa._isOpen)
      |                                                          ^~~~~~~~~~~~~~~~~~~~~~~~   ~~~~~~~~~~~~~~~~~~
      |                                                          _isOpen(aa._isOpen         _memPolicy(aa._memPolicy
./QS_Vector.hh:63:23: note: in instantiation of member function 'qs_vector<ScalarFluxCell>::qs_vector' requested here
   63 |          qs_vector<T> temp(aa);
      |                       ^
./Tallies.hh:169:7: note: in instantiation of member function 'qs_vector<ScalarFluxCell>::operator=' requested here
  169 | class ScalarFluxTask
      |       ^
./Tallies.hh:263:17: note: in instantiation of member function 'qs_vector<ScalarFluxTask>::push_back' requested here
  263 |           _task.push_back(ScalarFluxTask(domain, numGroups));
      |                 ^
In file included from MC_Particle_Buffer.cc:1:
In file included from ./MC_Particle_Buffer.hh:7:
In file included from ./MC_Base_Particle.hh:10:
In file included from ./MC_Particle.hh:9:
In file included from ./Tallies.hh:7:
./QS_Vector.hh:16:52: warning: field '_memPolicy' will be initialized after field '_isOpen' [-Wreorder-ctor]
   16 |    qs_vector() : _data(0), _capacity(0), _size(0), _memPolicy(MemoryControl::AllocationPolicy::HOST_MEM), _isOpen(0) {};
      |                                                    ^~~~~~~~~~~~~~~~~~~~~~~~~~~~~~~~~~~~~~~~~~~~~~~~~~~~   ~~~~~~~~~
      |                                                    _isOpen(0                                              _memPolicy(MemoryControl::AllocationPolicy::HOST_MEM
./Tallies.hh:314:31: note: in instantiation of member function 'qs_vector<Balance>::qs_vector' requested here
  314 |       : _balanceCumulative(), _balanceTask(),
      |                               ^
In file included from MC_Particle_Buffer.cc:1:
In file included from ./MC_Particle_Buffer.hh:7:
In file included from ./MC_Base_Particle.hh:10:
In file included from ./MC_Particle.hh:9:
In file included from ./Tallies.hh:7:
./QS_Vector.hh:16:52: warning: field '_memPolicy' will be initialized after field '_isOpen' [-Wreorder-ctor]
   16 |    qs_vector() : _data(0), _capacity(0), _size(0), _memPolicy(MemoryControl::AllocationPolicy::HOST_MEM), _isOpen(0) {};
      |                                                    ^~~~~~~~~~~~~~~~~~~~~~~~~~~~~~~~~~~~~~~~~~~~~~~~~~~~   ~~~~~~~~~
      |                                                    _isOpen(0                                              _memPolicy(MemoryControl::AllocationPolicy::HOST_MEM
./Tallies.hh:315:9: note: in instantiation of member function 'qs_vector<ScalarFluxDomain>::qs_vector' requested here
  315 |         _scalarFluxDomain(), _num_balance_replications(balRep), 
      |         ^
In file included from MC_Particle_Buffer.cc:1:
In file included from ./MC_Particle_Buffer.hh:7:
In file included from ./MC_Base_Particle.hh:10:
In file included from ./MC_Particle.hh:9:
In file included from ./Tallies.hh:7:
./QS_Vector.hh:16:52: warning: field '_memPolicy' will be initialized after field '_isOpen' [-Wreorder-ctor]
   16 |    qs_vector() : _data(0), _capacity(0), _size(0), _memPolicy(MemoryControl::AllocationPolicy::HOST_MEM), _isOpen(0) {};
      |                                                    ^~~~~~~~~~~~~~~~~~~~~~~~~~~~~~~~~~~~~~~~~~~~~~~~~~~~   ~~~~~~~~~
      |                                                    _isOpen(0                                              _memPolicy(MemoryControl::AllocationPolicy::HOST_MEM
./Tallies.hh:313:5: note: in instantiation of member function 'qs_vector<CellTallyDomain>::qs_vector' requested here
  313 |     Tallies( int balRep, int fluxRep, int cellRep, std::string spectrumName, int spectrumSize )
      |     ^
20 warnings generated.
clang++ -DQS_LD  -std=c++11 -g -O0 -include cstdint -Wformat -Wall -c MC_RNG_State.cc -o MC_RNG_State.o
clang++ -DQS_LD  -std=c++11 -g -O0 -include cstdint -Wformat -Wall -c MC_Segment_Outcome.cc -o MC_Segment_Outcome.o
In file included from MC_Segment_Outcome.cc:5:
In file included from ./MonteCarlo.hh:8:
./Parameters.hh:104:6: warning: field 'boundaryCondition' will be initialized after field 'energySpectrum' [-Wreorder-ctor]
  103 |      crossSectionsOut(""),
      |      ~~~~~~~~~~~~~~~~~~~~
      |      energySpectrum("")
  104 |      boundaryCondition("reflect"),
      |      ^~~~~~~~~~~~~~~~~~~~~~~~~~~~
      |      crossSectionsOut("")
  105 |      energySpectrum(""),
      |      ~~~~~~~~~~~~~~~~~~
      |      boundaryCondition("reflect")
./Parameters.hh:171:1: warning: 'Parameters' defined as a struct here but previously declared as a class; this is valid, but may result in linker errors under the Microsoft C++ ABI [-Wmismatched-tags]
  171 | struct Parameters
      | ^
./MC_Domain.hh:14:1: note: did you mean struct here?
   14 | class Parameters;
      | ^~~~~
      | struct
In file included from MC_Segment_Outcome.cc:7:
In file included from ./MC_Particle.hh:9:
./Tallies.hh:316:42: warning: field '_num_cellTally_replications' will be initialized after field '_spectrum' [-Wreorder-ctor]
  315 |         _scalarFluxDomain(), _num_balance_replications(balRep), 
      |                              ~~~~~~~~~~~~~~~~~~~~~~~~~~~~~~~~~
      |                              _spectrum(spectrumName, spectrumSize)
  316 |         _num_flux_replications(fluxRep), _num_cellTally_replications(cellRep), 
      |         ~~~~~~~~~~~~~~~~~~~~~~~~~~~~~~~  ^~~~~~~~~~~~~~~~~~~~~~~~~~~~~~~~~~~~
      |         _num_balance_replications(balRep)_num_flux_replications(fluxRep)
  317 |         _spectrum(spectrumName, spectrumSize)
      |         ~~~~~~~~~~~~~~~~~~~~~~~~~~~~~~~~~~~~~
      |         _num_cellTally_replications(cellRep)
In file included from MC_Segment_Outcome.cc:5:
In file included from ./MonteCarlo.hh:6:
./QS_Vector.hh:16:52: warning: field '_memPolicy' will be initialized after field '_isOpen' [-Wreorder-ctor]
   16 |    qs_vector() : _data(0), _capacity(0), _size(0), _memPolicy(MemoryControl::AllocationPolicy::HOST_MEM), _isOpen(0) {};
      |                                                    ^~~~~~~~~~~~~~~~~~~~~~~~~~~~~~~~~~~~~~~~~~~~~~~~~~~~   ~~~~~~~~~
      |                                                    _isOpen(0                                              _memPolicy(MemoryControl::AllocationPolicy::HOST_MEM
./MC_Domain.hh:46:4: note: in instantiation of member function 'qs_vector<int>::qs_vector' requested here
   46 |    MC_Mesh_Domain(){};
      |    ^
In file included from MC_Segment_Outcome.cc:5:
In file included from ./MonteCarlo.hh:6:
./QS_Vector.hh:16:52: warning: field '_memPolicy' will be initialized after field '_isOpen' [-Wreorder-ctor]
   16 |    qs_vector() : _data(0), _capacity(0), _size(0), _memPolicy(MemoryControl::AllocationPolicy::HOST_MEM), _isOpen(0) {};
      |                                                    ^~~~~~~~~~~~~~~~~~~~~~~~~~~~~~~~~~~~~~~~~~~~~~~~~~~~   ~~~~~~~~~
      |                                                    _isOpen(0                                              _memPolicy(MemoryControl::AllocationPolicy::HOST_MEM
./MC_Domain.hh:46:4: note: in instantiation of member function 'qs_vector<MC_Vector>::qs_vector' requested here
   46 |    MC_Mesh_Domain(){};
      |    ^
In file included from MC_Segment_Outcome.cc:5:
In file included from ./MonteCarlo.hh:6:
./QS_Vector.hh:16:52: warning: field '_memPolicy' will be initialized after field '_isOpen' [-Wreorder-ctor]
   16 |    qs_vector() : _data(0), _capacity(0), _size(0), _memPolicy(MemoryControl::AllocationPolicy::HOST_MEM), _isOpen(0) {};
      |                                                    ^~~~~~~~~~~~~~~~~~~~~~~~~~~~~~~~~~~~~~~~~~~~~~~~~~~~   ~~~~~~~~~
      |                                                    _isOpen(0                                              _memPolicy(MemoryControl::AllocationPolicy::HOST_MEM
./MC_Domain.hh:46:4: note: in instantiation of member function 'qs_vector<MC_Facet_Adjacency_Cell>::qs_vector' requested here
   46 |    MC_Mesh_Domain(){};
      |    ^
In file included from MC_Segment_Outcome.cc:5:
In file included from ./MonteCarlo.hh:6:
./QS_Vector.hh:16:52: warning: field '_memPolicy' will be initialized after field '_isOpen' [-Wreorder-ctor]
   16 |    qs_vector() : _data(0), _capacity(0), _size(0), _memPolicy(MemoryControl::AllocationPolicy::HOST_MEM), _isOpen(0) {};
      |                                                    ^~~~~~~~~~~~~~~~~~~~~~~~~~~~~~~~~~~~~~~~~~~~~~~~~~~~   ~~~~~~~~~
      |                                                    _isOpen(0                                              _memPolicy(MemoryControl::AllocationPolicy::HOST_MEM
./MC_Domain.hh:46:4: note: in instantiation of member function 'qs_vector<MC_Facet_Geometry_Cell>::qs_vector' requested here
   46 |    MC_Mesh_Domain(){};
      |    ^
In file included from MC_Segment_Outcome.cc:5:
In file included from ./MonteCarlo.hh:6:
./QS_Vector.hh:16:52: warning: field '_memPolicy' will be initialized after field '_isOpen' [-Wreorder-ctor]
   16 |    qs_vector() : _data(0), _capacity(0), _size(0), _memPolicy(MemoryControl::AllocationPolicy::HOST_MEM), _isOpen(0) {};
      |                                                    ^~~~~~~~~~~~~~~~~~~~~~~~~~~~~~~~~~~~~~~~~~~~~~~~~~~~   ~~~~~~~~~
      |                                                    _isOpen(0                                              _memPolicy(MemoryControl::AllocationPolicy::HOST_MEM
./MC_Domain.hh:73:5: note: in instantiation of member function 'qs_vector<MC_Cell_State>::qs_vector' requested here
   73 |     MC_Domain(){};
      |     ^
In file included from MC_Segment_Outcome.cc:5:
In file included from ./MonteCarlo.hh:6:
./QS_Vector.hh:16:52: warning: field '_memPolicy' will be initialized after field '_isOpen' [-Wreorder-ctor]
   16 |    qs_vector() : _data(0), _capacity(0), _size(0), _memPolicy(MemoryControl::AllocationPolicy::HOST_MEM), _isOpen(0) {};
      |                                                    ^~~~~~~~~~~~~~~~~~~~~~~~~~~~~~~~~~~~~~~~~~~~~~~~~~~~   ~~~~~~~~~
      |                                                    _isOpen(0                                              _memPolicy(MemoryControl::AllocationPolicy::HOST_MEM
./NuclearData.hh:44:4: note: in instantiation of member function 'qs_vector<long double>::qs_vector' requested here
   44 |    NuclearDataReaction(){};
      |    ^
In file included from MC_Segment_Outcome.cc:5:
In file included from ./MonteCarlo.hh:6:
./QS_Vector.hh:19:46: warning: field '_memPolicy' will be initialized after field '_isOpen' [-Wreorder-ctor]
   19 |    : _data(0), _capacity(size), _size(size), _memPolicy(memPolicy), _isOpen(0) 
      |                                              ^~~~~~~~~~~~~~~~~~~~   ~~~~~~~~~
      |                                              _isOpen(0              _memPolicy(memPolicy
./NuclearData.hh:80:6: note: in instantiation of member function 'qs_vector<NuclearDataSpecies>::qs_vector' requested here
   80 |    : _species(1,VAR_MEM){}
      |      ^
In file included from MC_Segment_Outcome.cc:5:
In file included from ./MonteCarlo.hh:6:
./QS_Vector.hh:16:52: warning: field '_memPolicy' will be initialized after field '_isOpen' [-Wreorder-ctor]
   16 |    qs_vector() : _data(0), _capacity(0), _size(0), _memPolicy(MemoryControl::AllocationPolicy::HOST_MEM), _isOpen(0) {};
      |                                                    ^~~~~~~~~~~~~~~~~~~~~~~~~~~~~~~~~~~~~~~~~~~~~~~~~~~~   ~~~~~~~~~
      |                                                    _isOpen(0                                              _memPolicy(MemoryControl::AllocationPolicy::HOST_MEM
./NuclearData.hh:64:7: note: in instantiation of member function 'qs_vector<NuclearDataReaction>::qs_vector' requested here
   64 | class NuclearDataSpecies
      |       ^
./QS_Vector.hh:21:30: note: in instantiation of function template specialization 'MemoryControl::allocate<NuclearDataSpecies>' requested here
   21 |       _data = MemoryControl::allocate<T>(size, memPolicy);
      |                              ^
./NuclearData.hh:80:6: note: in instantiation of member function 'qs_vector<NuclearDataSpecies>::qs_vector' requested here
   80 |    : _species(1,VAR_MEM){}
      |      ^
In file included from MC_Segment_Outcome.cc:5:
In file included from ./MonteCarlo.hh:6:
./QS_Vector.hh:16:52: warning: field '_memPolicy' will be initialized after field '_isOpen' [-Wreorder-ctor]
   16 |    qs_vector() : _data(0), _capacity(0), _size(0), _memPolicy(MemoryControl::AllocationPolicy::HOST_MEM), _isOpen(0) {};
      |                                                    ^~~~~~~~~~~~~~~~~~~~~~~~~~~~~~~~~~~~~~~~~~~~~~~~~~~~   ~~~~~~~~~
      |                                                    _isOpen(0                                              _memPolicy(MemoryControl::AllocationPolicy::HOST_MEM
./Tallies.hh:175:23: note: in instantiation of member function 'qs_vector<ScalarFluxCell>::qs_vector' requested here
  175 |    ScalarFluxTask() : _cell() {}
      |                       ^
In file included from MC_Segment_Outcome.cc:5:
In file included from ./MonteCarlo.hh:6:
./QS_Vector.hh:16:52: warning: field '_memPolicy' will be initialized after field '_isOpen' [-Wreorder-ctor]
   16 |    qs_vector() : _data(0), _capacity(0), _size(0), _memPolicy(MemoryControl::AllocationPolicy::HOST_MEM), _isOpen(0) {};
      |                                                    ^~~~~~~~~~~~~~~~~~~~~~~~~~~~~~~~~~~~~~~~~~~~~~~~~~~~   ~~~~~~~~~
      |                                                    _isOpen(0                                              _memPolicy(MemoryControl::AllocationPolicy::HOST_MEM
./Tallies.hh:226:24: note: in instantiation of member function 'qs_vector<CellTallyTask>::qs_vector' requested here
  226 |    CellTallyDomain() : _task() {}
      |                        ^
In file included from MC_Segment_Outcome.cc:5:
In file included from ./MonteCarlo.hh:6:
./QS_Vector.hh:35:58: warning: field '_memPolicy' will be initialized after field '_isOpen' [-Wreorder-ctor]
   35 |    : _data(0), _capacity(aa._capacity), _size(aa._size), _memPolicy(aa._memPolicy), _isOpen(aa._isOpen)
      |                                                          ^~~~~~~~~~~~~~~~~~~~~~~~   ~~~~~~~~~~~~~~~~~~
      |                                                          _isOpen(aa._isOpen         _memPolicy(aa._memPolicy
./QS_Vector.hh:63:23: note: in instantiation of member function 'qs_vector<long double>::qs_vector' requested here
   63 |          qs_vector<T> temp(aa);
      |                       ^
./Tallies.hh:128:7: note: in instantiation of member function 'qs_vector<long double>::operator=' requested here
  128 | class CellTallyTask
      |       ^
./Tallies.hh:238:17: note: in instantiation of member function 'qs_vector<CellTallyTask>::push_back' requested here
  238 |           _task.push_back(CellTallyTask(domain));
      |                 ^
In file included from MC_Segment_Outcome.cc:5:
In file included from ./MonteCarlo.hh:6:
./QS_Vector.hh:16:52: warning: field '_memPolicy' will be initialized after field '_isOpen' [-Wreorder-ctor]
   16 |    qs_vector() : _data(0), _capacity(0), _size(0), _memPolicy(MemoryControl::AllocationPolicy::HOST_MEM), _isOpen(0) {};
      |                                                    ^~~~~~~~~~~~~~~~~~~~~~~~~~~~~~~~~~~~~~~~~~~~~~~~~~~~   ~~~~~~~~~
      |                                                    _isOpen(0                                              _memPolicy(MemoryControl::AllocationPolicy::HOST_MEM
./Tallies.hh:251:25: note: in instantiation of member function 'qs_vector<ScalarFluxTask>::qs_vector' requested here
  251 |    ScalarFluxDomain() : _task() {}
      |                         ^
In file included from MC_Segment_Outcome.cc:5:
In file included from ./MonteCarlo.hh:6:
./QS_Vector.hh:35:58: warning: field '_memPolicy' will be initialized after field '_isOpen' [-Wreorder-ctor]
   35 |    : _data(0), _capacity(aa._capacity), _size(aa._size), _memPolicy(aa._memPolicy), _isOpen(aa._isOpen)
      |                                                          ^~~~~~~~~~~~~~~~~~~~~~~~   ~~~~~~~~~~~~~~~~~~
      |                                                          _isOpen(aa._isOpen         _memPolicy(aa._memPolicy
./QS_Vector.hh:63:23: note: in instantiation of member function 'qs_vector<ScalarFluxCell>::qs_vector' requested here
   63 |          qs_vector<T> temp(aa);
      |                       ^
./Tallies.hh:169:7: note: in instantiation of member function 'qs_vector<ScalarFluxCell>::operator=' requested here
  169 | class ScalarFluxTask
      |       ^
./Tallies.hh:263:17: note: in instantiation of member function 'qs_vector<ScalarFluxTask>::push_back' requested here
  263 |           _task.push_back(ScalarFluxTask(domain, numGroups));
      |                 ^
In file included from MC_Segment_Outcome.cc:5:
In file included from ./MonteCarlo.hh:6:
./QS_Vector.hh:16:52: warning: field '_memPolicy' will be initialized after field '_isOpen' [-Wreorder-ctor]
   16 |    qs_vector() : _data(0), _capacity(0), _size(0), _memPolicy(MemoryControl::AllocationPolicy::HOST_MEM), _isOpen(0) {};
      |                                                    ^~~~~~~~~~~~~~~~~~~~~~~~~~~~~~~~~~~~~~~~~~~~~~~~~~~~   ~~~~~~~~~
      |                                                    _isOpen(0                                              _memPolicy(MemoryControl::AllocationPolicy::HOST_MEM
./Tallies.hh:314:31: note: in instantiation of member function 'qs_vector<Balance>::qs_vector' requested here
  314 |       : _balanceCumulative(), _balanceTask(),
      |                               ^
In file included from MC_Segment_Outcome.cc:5:
In file included from ./MonteCarlo.hh:6:
./QS_Vector.hh:16:52: warning: field '_memPolicy' will be initialized after field '_isOpen' [-Wreorder-ctor]
   16 |    qs_vector() : _data(0), _capacity(0), _size(0), _memPolicy(MemoryControl::AllocationPolicy::HOST_MEM), _isOpen(0) {};
      |                                                    ^~~~~~~~~~~~~~~~~~~~~~~~~~~~~~~~~~~~~~~~~~~~~~~~~~~~   ~~~~~~~~~
      |                                                    _isOpen(0                                              _memPolicy(MemoryControl::AllocationPolicy::HOST_MEM
./Tallies.hh:315:9: note: in instantiation of member function 'qs_vector<ScalarFluxDomain>::qs_vector' requested here
  315 |         _scalarFluxDomain(), _num_balance_replications(balRep), 
      |         ^
In file included from MC_Segment_Outcome.cc:5:
In file included from ./MonteCarlo.hh:6:
./QS_Vector.hh:16:52: warning: field '_memPolicy' will be initialized after field '_isOpen' [-Wreorder-ctor]
   16 |    qs_vector() : _data(0), _capacity(0), _size(0), _memPolicy(MemoryControl::AllocationPolicy::HOST_MEM), _isOpen(0) {};
      |                                                    ^~~~~~~~~~~~~~~~~~~~~~~~~~~~~~~~~~~~~~~~~~~~~~~~~~~~   ~~~~~~~~~
      |                                                    _isOpen(0                                              _memPolicy(MemoryControl::AllocationPolicy::HOST_MEM
./Tallies.hh:313:5: note: in instantiation of member function 'qs_vector<CellTallyDomain>::qs_vector' requested here
  313 |     Tallies( int balRep, int fluxRep, int cellRep, std::string spectrumName, int spectrumSize )
      |     ^
19 warnings generated.
clang++ -DQS_LD  -std=c++11 -g -O0 -include cstdint -Wformat -Wall -c MC_SourceNow.cc -o MC_SourceNow.o
In file included from MC_SourceNow.cc:7:
In file included from ./MonteCarlo.hh:8:
./Parameters.hh:104:6: warning: field 'boundaryCondition' will be initialized after field 'energySpectrum' [-Wreorder-ctor]
  103 |      crossSectionsOut(""),
      |      ~~~~~~~~~~~~~~~~~~~~
      |      energySpectrum("")
  104 |      boundaryCondition("reflect"),
      |      ^~~~~~~~~~~~~~~~~~~~~~~~~~~~
      |      crossSectionsOut("")
  105 |      energySpectrum(""),
      |      ~~~~~~~~~~~~~~~~~~
      |      boundaryCondition("reflect")
./Parameters.hh:171:1: warning: 'Parameters' defined as a struct here but previously declared as a class; this is valid, but may result in linker errors under the Microsoft C++ ABI [-Wmismatched-tags]
  171 | struct Parameters
      | ^
./MC_Domain.hh:14:1: note: did you mean struct here?
   14 | class Parameters;
      | ^~~~~
      | struct
In file included from MC_SourceNow.cc:9:
./initMC.hh:4:1: warning: class 'Parameters' was previously declared as a struct; this is valid, but may result in linker errors under the Microsoft C++ ABI [-Wmismatched-tags]
    4 | class Parameters;
      | ^
./Parameters.hh:171:8: note: previous use is here
  171 | struct Parameters
      |        ^
./initMC.hh:4:1: note: did you mean struct here?
    4 | class Parameters;
      | ^~~~~
      | struct
In file included from MC_SourceNow.cc:10:
./Tallies.hh:316:42: warning: field '_num_cellTally_replications' will be initialized after field '_spectrum' [-Wreorder-ctor]
  315 |         _scalarFluxDomain(), _num_balance_replications(balRep), 
      |                              ~~~~~~~~~~~~~~~~~~~~~~~~~~~~~~~~~
      |                              _spectrum(spectrumName, spectrumSize)
  316 |         _num_flux_replications(fluxRep), _num_cellTally_replications(cellRep), 
      |         ~~~~~~~~~~~~~~~~~~~~~~~~~~~~~~~  ^~~~~~~~~~~~~~~~~~~~~~~~~~~~~~~~~~~~
      |         _num_balance_replications(balRep)_num_flux_replications(fluxRep)
  317 |         _spectrum(spectrumName, spectrumSize)
      |         ~~~~~~~~~~~~~~~~~~~~~~~~~~~~~~~~~~~~~
      |         _num_cellTally_replications(cellRep)
In file included from MC_SourceNow.cc:13:
./MC_Processor_Info.hh:18:7: warning: field 'comm_mc_world' will be initialized after field 'use_gpu' [-Wreorder-ctor]
   18 |     : comm_mc_world(MPI_COMM_WORLD),
      |       ^~~~~~~~~~~~~~~~~~~~~~~~~~~~~
      |       use_gpu(0)
   19 |       use_gpu(0),
      |       ~~~~~~~~~~
      |       gpu_id(0)
   20 |       gpu_id(0)
      |       ~~~~~~~~~
      |       comm_mc_world(MPI_COMM_WORLD)
MC_SourceNow.cc:70:14: warning: variable 'particle_count' set but not used [-Wunused-but-set-variable]
   70 |     uint64_t particle_count = 0;
      |              ^
In file included from MC_SourceNow.cc:3:
./QS_Vector.hh:16:52: warning: field '_memPolicy' will be initialized after field '_isOpen' [-Wreorder-ctor]
   16 |    qs_vector() : _data(0), _capacity(0), _size(0), _memPolicy(MemoryControl::AllocationPolicy::HOST_MEM), _isOpen(0) {};
      |                                                    ^~~~~~~~~~~~~~~~~~~~~~~~~~~~~~~~~~~~~~~~~~~~~~~~~~~~   ~~~~~~~~~
      |                                                    _isOpen(0                                              _memPolicy(MemoryControl::AllocationPolicy::HOST_MEM
./MC_Domain.hh:46:4: note: in instantiation of member function 'qs_vector<int>::qs_vector' requested here
   46 |    MC_Mesh_Domain(){};
      |    ^
In file included from MC_SourceNow.cc:3:
./QS_Vector.hh:16:52: warning: field '_memPolicy' will be initialized after field '_isOpen' [-Wreorder-ctor]
   16 |    qs_vector() : _data(0), _capacity(0), _size(0), _memPolicy(MemoryControl::AllocationPolicy::HOST_MEM), _isOpen(0) {};
      |                                                    ^~~~~~~~~~~~~~~~~~~~~~~~~~~~~~~~~~~~~~~~~~~~~~~~~~~~   ~~~~~~~~~
      |                                                    _isOpen(0                                              _memPolicy(MemoryControl::AllocationPolicy::HOST_MEM
./MC_Domain.hh:46:4: note: in instantiation of member function 'qs_vector<MC_Vector>::qs_vector' requested here
   46 |    MC_Mesh_Domain(){};
      |    ^
In file included from MC_SourceNow.cc:3:
./QS_Vector.hh:16:52: warning: field '_memPolicy' will be initialized after field '_isOpen' [-Wreorder-ctor]
   16 |    qs_vector() : _data(0), _capacity(0), _size(0), _memPolicy(MemoryControl::AllocationPolicy::HOST_MEM), _isOpen(0) {};
      |                                                    ^~~~~~~~~~~~~~~~~~~~~~~~~~~~~~~~~~~~~~~~~~~~~~~~~~~~   ~~~~~~~~~
      |                                                    _isOpen(0                                              _memPolicy(MemoryControl::AllocationPolicy::HOST_MEM
./MC_Domain.hh:46:4: note: in instantiation of member function 'qs_vector<MC_Facet_Adjacency_Cell>::qs_vector' requested here
   46 |    MC_Mesh_Domain(){};
      |    ^
In file included from MC_SourceNow.cc:3:
./QS_Vector.hh:16:52: warning: field '_memPolicy' will be initialized after field '_isOpen' [-Wreorder-ctor]
   16 |    qs_vector() : _data(0), _capacity(0), _size(0), _memPolicy(MemoryControl::AllocationPolicy::HOST_MEM), _isOpen(0) {};
      |                                                    ^~~~~~~~~~~~~~~~~~~~~~~~~~~~~~~~~~~~~~~~~~~~~~~~~~~~   ~~~~~~~~~
      |                                                    _isOpen(0                                              _memPolicy(MemoryControl::AllocationPolicy::HOST_MEM
./MC_Domain.hh:46:4: note: in instantiation of member function 'qs_vector<MC_Facet_Geometry_Cell>::qs_vector' requested here
   46 |    MC_Mesh_Domain(){};
      |    ^
In file included from MC_SourceNow.cc:3:
./QS_Vector.hh:16:52: warning: field '_memPolicy' will be initialized after field '_isOpen' [-Wreorder-ctor]
   16 |    qs_vector() : _data(0), _capacity(0), _size(0), _memPolicy(MemoryControl::AllocationPolicy::HOST_MEM), _isOpen(0) {};
      |                                                    ^~~~~~~~~~~~~~~~~~~~~~~~~~~~~~~~~~~~~~~~~~~~~~~~~~~~   ~~~~~~~~~
      |                                                    _isOpen(0                                              _memPolicy(MemoryControl::AllocationPolicy::HOST_MEM
./MC_Domain.hh:73:5: note: in instantiation of member function 'qs_vector<MC_Cell_State>::qs_vector' requested here
   73 |     MC_Domain(){};
      |     ^
In file included from MC_SourceNow.cc:3:
./QS_Vector.hh:16:52: warning: field '_memPolicy' will be initialized after field '_isOpen' [-Wreorder-ctor]
   16 |    qs_vector() : _data(0), _capacity(0), _size(0), _memPolicy(MemoryControl::AllocationPolicy::HOST_MEM), _isOpen(0) {};
      |                                                    ^~~~~~~~~~~~~~~~~~~~~~~~~~~~~~~~~~~~~~~~~~~~~~~~~~~~   ~~~~~~~~~
      |                                                    _isOpen(0                                              _memPolicy(MemoryControl::AllocationPolicy::HOST_MEM
./MaterialDatabase.hh:37:4: note: in instantiation of member function 'qs_vector<Isotope>::qs_vector' requested here
   37 |    Material()
      |    ^
In file included from MC_SourceNow.cc:3:
./QS_Vector.hh:35:58: warning: field '_memPolicy' will be initialized after field '_isOpen' [-Wreorder-ctor]
   35 |    : _data(0), _capacity(aa._capacity), _size(aa._size), _memPolicy(aa._memPolicy), _isOpen(aa._isOpen)
      |                                                          ^~~~~~~~~~~~~~~~~~~~~~~~   ~~~~~~~~~~~~~~~~~~
      |                                                          _isOpen(aa._isOpen         _memPolicy(aa._memPolicy
./QS_Vector.hh:63:23: note: in instantiation of member function 'qs_vector<Isotope>::qs_vector' requested here
   63 |          qs_vector<T> temp(aa);
      |                       ^
./MaterialDatabase.hh:30:7: note: in instantiation of member function 'qs_vector<Isotope>::operator=' requested here
   30 | class Material
      |       ^
./MaterialDatabase.hh:66:12: note: in instantiation of member function 'qs_vector<Material>::push_back' requested here
   66 |       _mat.push_back(material);
      |            ^
In file included from MC_SourceNow.cc:3:
./QS_Vector.hh:16:52: warning: field '_memPolicy' will be initialized after field '_isOpen' [-Wreorder-ctor]
   16 |    qs_vector() : _data(0), _capacity(0), _size(0), _memPolicy(MemoryControl::AllocationPolicy::HOST_MEM), _isOpen(0) {};
      |                                                    ^~~~~~~~~~~~~~~~~~~~~~~~~~~~~~~~~~~~~~~~~~~~~~~~~~~~   ~~~~~~~~~
      |                                                    _isOpen(0                                              _memPolicy(MemoryControl::AllocationPolicy::HOST_MEM
./NuclearData.hh:44:4: note: in instantiation of member function 'qs_vector<long double>::qs_vector' requested here
   44 |    NuclearDataReaction(){};
      |    ^
In file included from MC_SourceNow.cc:3:
./QS_Vector.hh:19:46: warning: field '_memPolicy' will be initialized after field '_isOpen' [-Wreorder-ctor]
   19 |    : _data(0), _capacity(size), _size(size), _memPolicy(memPolicy), _isOpen(0) 
      |                                              ^~~~~~~~~~~~~~~~~~~~   ~~~~~~~~~
      |                                              _isOpen(0              _memPolicy(memPolicy
./NuclearData.hh:80:6: note: in instantiation of member function 'qs_vector<NuclearDataSpecies>::qs_vector' requested here
   80 |    : _species(1,VAR_MEM){}
      |      ^
In file included from MC_SourceNow.cc:3:
./QS_Vector.hh:16:52: warning: field '_memPolicy' will be initialized after field '_isOpen' [-Wreorder-ctor]
   16 |    qs_vector() : _data(0), _capacity(0), _size(0), _memPolicy(MemoryControl::AllocationPolicy::HOST_MEM), _isOpen(0) {};
      |                                                    ^~~~~~~~~~~~~~~~~~~~~~~~~~~~~~~~~~~~~~~~~~~~~~~~~~~~   ~~~~~~~~~
      |                                                    _isOpen(0                                              _memPolicy(MemoryControl::AllocationPolicy::HOST_MEM
./NuclearData.hh:64:7: note: in instantiation of member function 'qs_vector<NuclearDataReaction>::qs_vector' requested here
   64 | class NuclearDataSpecies
      |       ^
./QS_Vector.hh:21:30: note: in instantiation of function template specialization 'MemoryControl::allocate<NuclearDataSpecies>' requested here
   21 |       _data = MemoryControl::allocate<T>(size, memPolicy);
      |                              ^
./NuclearData.hh:80:6: note: in instantiation of member function 'qs_vector<NuclearDataSpecies>::qs_vector' requested here
   80 |    : _species(1,VAR_MEM){}
      |      ^
In file included from MC_SourceNow.cc:3:
./QS_Vector.hh:16:52: warning: field '_memPolicy' will be initialized after field '_isOpen' [-Wreorder-ctor]
   16 |    qs_vector() : _data(0), _capacity(0), _size(0), _memPolicy(MemoryControl::AllocationPolicy::HOST_MEM), _isOpen(0) {};
      |                                                    ^~~~~~~~~~~~~~~~~~~~~~~~~~~~~~~~~~~~~~~~~~~~~~~~~~~~   ~~~~~~~~~
      |                                                    _isOpen(0                                              _memPolicy(MemoryControl::AllocationPolicy::HOST_MEM
./Tallies.hh:175:23: note: in instantiation of member function 'qs_vector<ScalarFluxCell>::qs_vector' requested here
  175 |    ScalarFluxTask() : _cell() {}
      |                       ^
In file included from MC_SourceNow.cc:3:
./QS_Vector.hh:16:52: warning: field '_memPolicy' will be initialized after field '_isOpen' [-Wreorder-ctor]
   16 |    qs_vector() : _data(0), _capacity(0), _size(0), _memPolicy(MemoryControl::AllocationPolicy::HOST_MEM), _isOpen(0) {};
      |                                                    ^~~~~~~~~~~~~~~~~~~~~~~~~~~~~~~~~~~~~~~~~~~~~~~~~~~~   ~~~~~~~~~
      |                                                    _isOpen(0                                              _memPolicy(MemoryControl::AllocationPolicy::HOST_MEM
./Tallies.hh:226:24: note: in instantiation of member function 'qs_vector<CellTallyTask>::qs_vector' requested here
  226 |    CellTallyDomain() : _task() {}
      |                        ^
In file included from MC_SourceNow.cc:3:
./QS_Vector.hh:35:58: warning: field '_memPolicy' will be initialized after field '_isOpen' [-Wreorder-ctor]
   35 |    : _data(0), _capacity(aa._capacity), _size(aa._size), _memPolicy(aa._memPolicy), _isOpen(aa._isOpen)
      |                                                          ^~~~~~~~~~~~~~~~~~~~~~~~   ~~~~~~~~~~~~~~~~~~
      |                                                          _isOpen(aa._isOpen         _memPolicy(aa._memPolicy
./QS_Vector.hh:63:23: note: in instantiation of member function 'qs_vector<long double>::qs_vector' requested here
   63 |          qs_vector<T> temp(aa);
      |                       ^
./Tallies.hh:128:7: note: in instantiation of member function 'qs_vector<long double>::operator=' requested here
  128 | class CellTallyTask
      |       ^
./Tallies.hh:238:17: note: in instantiation of member function 'qs_vector<CellTallyTask>::push_back' requested here
  238 |           _task.push_back(CellTallyTask(domain));
      |                 ^
In file included from MC_SourceNow.cc:3:
./QS_Vector.hh:16:52: warning: field '_memPolicy' will be initialized after field '_isOpen' [-Wreorder-ctor]
   16 |    qs_vector() : _data(0), _capacity(0), _size(0), _memPolicy(MemoryControl::AllocationPolicy::HOST_MEM), _isOpen(0) {};
      |                                                    ^~~~~~~~~~~~~~~~~~~~~~~~~~~~~~~~~~~~~~~~~~~~~~~~~~~~   ~~~~~~~~~
      |                                                    _isOpen(0                                              _memPolicy(MemoryControl::AllocationPolicy::HOST_MEM
./Tallies.hh:251:25: note: in instantiation of member function 'qs_vector<ScalarFluxTask>::qs_vector' requested here
  251 |    ScalarFluxDomain() : _task() {}
      |                         ^
In file included from MC_SourceNow.cc:3:
./QS_Vector.hh:35:58: warning: field '_memPolicy' will be initialized after field '_isOpen' [-Wreorder-ctor]
   35 |    : _data(0), _capacity(aa._capacity), _size(aa._size), _memPolicy(aa._memPolicy), _isOpen(aa._isOpen)
      |                                                          ^~~~~~~~~~~~~~~~~~~~~~~~   ~~~~~~~~~~~~~~~~~~
      |                                                          _isOpen(aa._isOpen         _memPolicy(aa._memPolicy
./QS_Vector.hh:63:23: note: in instantiation of member function 'qs_vector<ScalarFluxCell>::qs_vector' requested here
   63 |          qs_vector<T> temp(aa);
      |                       ^
./Tallies.hh:169:7: note: in instantiation of member function 'qs_vector<ScalarFluxCell>::operator=' requested here
  169 | class ScalarFluxTask
      |       ^
./Tallies.hh:263:17: note: in instantiation of member function 'qs_vector<ScalarFluxTask>::push_back' requested here
  263 |           _task.push_back(ScalarFluxTask(domain, numGroups));
      |                 ^
In file included from MC_SourceNow.cc:3:
./QS_Vector.hh:16:52: warning: field '_memPolicy' will be initialized after field '_isOpen' [-Wreorder-ctor]
   16 |    qs_vector() : _data(0), _capacity(0), _size(0), _memPolicy(MemoryControl::AllocationPolicy::HOST_MEM), _isOpen(0) {};
      |                                                    ^~~~~~~~~~~~~~~~~~~~~~~~~~~~~~~~~~~~~~~~~~~~~~~~~~~~   ~~~~~~~~~
      |                                                    _isOpen(0                                              _memPolicy(MemoryControl::AllocationPolicy::HOST_MEM
./Tallies.hh:314:31: note: in instantiation of member function 'qs_vector<Balance>::qs_vector' requested here
  314 |       : _balanceCumulative(), _balanceTask(),
      |                               ^
In file included from MC_SourceNow.cc:3:
./QS_Vector.hh:16:52: warning: field '_memPolicy' will be initialized after field '_isOpen' [-Wreorder-ctor]
   16 |    qs_vector() : _data(0), _capacity(0), _size(0), _memPolicy(MemoryControl::AllocationPolicy::HOST_MEM), _isOpen(0) {};
      |                                                    ^~~~~~~~~~~~~~~~~~~~~~~~~~~~~~~~~~~~~~~~~~~~~~~~~~~~   ~~~~~~~~~
      |                                                    _isOpen(0                                              _memPolicy(MemoryControl::AllocationPolicy::HOST_MEM
./Tallies.hh:315:9: note: in instantiation of member function 'qs_vector<ScalarFluxDomain>::qs_vector' requested here
  315 |         _scalarFluxDomain(), _num_balance_replications(balRep), 
      |         ^
In file included from MC_SourceNow.cc:3:
./QS_Vector.hh:16:52: warning: field '_memPolicy' will be initialized after field '_isOpen' [-Wreorder-ctor]
   16 |    qs_vector() : _data(0), _capacity(0), _size(0), _memPolicy(MemoryControl::AllocationPolicy::HOST_MEM), _isOpen(0) {};
      |                                                    ^~~~~~~~~~~~~~~~~~~~~~~~~~~~~~~~~~~~~~~~~~~~~~~~~~~~   ~~~~~~~~~
      |                                                    _isOpen(0                                              _memPolicy(MemoryControl::AllocationPolicy::HOST_MEM
./Tallies.hh:313:5: note: in instantiation of member function 'qs_vector<CellTallyDomain>::qs_vector' requested here
  313 |     Tallies( int balRep, int fluxRep, int cellRep, std::string spectrumName, int spectrumSize )
      |     ^
24 warnings generated.
clang++ -DQS_LD  -std=c++11 -g -O0 -include cstdint -Wformat -Wall -c MacroscopicCrossSection.cc -o MacroscopicCrossSection.o
In file included from MacroscopicCrossSection.cc:3:
In file included from ./MonteCarlo.hh:8:
./Parameters.hh:104:6: warning: field 'boundaryCondition' will be initialized after field 'energySpectrum' [-Wreorder-ctor]
  103 |      crossSectionsOut(""),
      |      ~~~~~~~~~~~~~~~~~~~~
      |      energySpectrum("")
  104 |      boundaryCondition("reflect"),
      |      ^~~~~~~~~~~~~~~~~~~~~~~~~~~~
      |      crossSectionsOut("")
  105 |      energySpectrum(""),
      |      ~~~~~~~~~~~~~~~~~~
      |      boundaryCondition("reflect")
./Parameters.hh:171:1: warning: 'Parameters' defined as a struct here but previously declared as a class; this is valid, but may result in linker errors under the Microsoft C++ ABI [-Wmismatched-tags]
  171 | struct Parameters
      | ^
./MC_Domain.hh:14:1: note: did you mean struct here?
   14 | class Parameters;
      | ^~~~~
      | struct
In file included from MacroscopicCrossSection.cc:3:
In file included from ./MonteCarlo.hh:6:
./QS_Vector.hh:16:52: warning: field '_memPolicy' will be initialized after field '_isOpen' [-Wreorder-ctor]
   16 |    qs_vector() : _data(0), _capacity(0), _size(0), _memPolicy(MemoryControl::AllocationPolicy::HOST_MEM), _isOpen(0) {};
      |                                                    ^~~~~~~~~~~~~~~~~~~~~~~~~~~~~~~~~~~~~~~~~~~~~~~~~~~~   ~~~~~~~~~
      |                                                    _isOpen(0                                              _memPolicy(MemoryControl::AllocationPolicy::HOST_MEM
./MC_Domain.hh:46:4: note: in instantiation of member function 'qs_vector<int>::qs_vector' requested here
   46 |    MC_Mesh_Domain(){};
      |    ^
In file included from MacroscopicCrossSection.cc:3:
In file included from ./MonteCarlo.hh:6:
./QS_Vector.hh:16:52: warning: field '_memPolicy' will be initialized after field '_isOpen' [-Wreorder-ctor]
   16 |    qs_vector() : _data(0), _capacity(0), _size(0), _memPolicy(MemoryControl::AllocationPolicy::HOST_MEM), _isOpen(0) {};
      |                                                    ^~~~~~~~~~~~~~~~~~~~~~~~~~~~~~~~~~~~~~~~~~~~~~~~~~~~   ~~~~~~~~~
      |                                                    _isOpen(0                                              _memPolicy(MemoryControl::AllocationPolicy::HOST_MEM
./MC_Domain.hh:46:4: note: in instantiation of member function 'qs_vector<MC_Vector>::qs_vector' requested here
   46 |    MC_Mesh_Domain(){};
      |    ^
In file included from MacroscopicCrossSection.cc:3:
In file included from ./MonteCarlo.hh:6:
./QS_Vector.hh:16:52: warning: field '_memPolicy' will be initialized after field '_isOpen' [-Wreorder-ctor]
   16 |    qs_vector() : _data(0), _capacity(0), _size(0), _memPolicy(MemoryControl::AllocationPolicy::HOST_MEM), _isOpen(0) {};
      |                                                    ^~~~~~~~~~~~~~~~~~~~~~~~~~~~~~~~~~~~~~~~~~~~~~~~~~~~   ~~~~~~~~~
      |                                                    _isOpen(0                                              _memPolicy(MemoryControl::AllocationPolicy::HOST_MEM
./MC_Domain.hh:46:4: note: in instantiation of member function 'qs_vector<MC_Facet_Adjacency_Cell>::qs_vector' requested here
   46 |    MC_Mesh_Domain(){};
      |    ^
In file included from MacroscopicCrossSection.cc:3:
In file included from ./MonteCarlo.hh:6:
./QS_Vector.hh:16:52: warning: field '_memPolicy' will be initialized after field '_isOpen' [-Wreorder-ctor]
   16 |    qs_vector() : _data(0), _capacity(0), _size(0), _memPolicy(MemoryControl::AllocationPolicy::HOST_MEM), _isOpen(0) {};
      |                                                    ^~~~~~~~~~~~~~~~~~~~~~~~~~~~~~~~~~~~~~~~~~~~~~~~~~~~   ~~~~~~~~~
      |                                                    _isOpen(0                                              _memPolicy(MemoryControl::AllocationPolicy::HOST_MEM
./MC_Domain.hh:46:4: note: in instantiation of member function 'qs_vector<MC_Facet_Geometry_Cell>::qs_vector' requested here
   46 |    MC_Mesh_Domain(){};
      |    ^
In file included from MacroscopicCrossSection.cc:3:
In file included from ./MonteCarlo.hh:6:
./QS_Vector.hh:16:52: warning: field '_memPolicy' will be initialized after field '_isOpen' [-Wreorder-ctor]
   16 |    qs_vector() : _data(0), _capacity(0), _size(0), _memPolicy(MemoryControl::AllocationPolicy::HOST_MEM), _isOpen(0) {};
      |                                                    ^~~~~~~~~~~~~~~~~~~~~~~~~~~~~~~~~~~~~~~~~~~~~~~~~~~~   ~~~~~~~~~
      |                                                    _isOpen(0                                              _memPolicy(MemoryControl::AllocationPolicy::HOST_MEM
./MC_Domain.hh:73:5: note: in instantiation of member function 'qs_vector<MC_Cell_State>::qs_vector' requested here
   73 |     MC_Domain(){};
      |     ^
In file included from MacroscopicCrossSection.cc:3:
In file included from ./MonteCarlo.hh:6:
./QS_Vector.hh:16:52: warning: field '_memPolicy' will be initialized after field '_isOpen' [-Wreorder-ctor]
   16 |    qs_vector() : _data(0), _capacity(0), _size(0), _memPolicy(MemoryControl::AllocationPolicy::HOST_MEM), _isOpen(0) {};
      |                                                    ^~~~~~~~~~~~~~~~~~~~~~~~~~~~~~~~~~~~~~~~~~~~~~~~~~~~   ~~~~~~~~~
      |                                                    _isOpen(0                                              _memPolicy(MemoryControl::AllocationPolicy::HOST_MEM
./MaterialDatabase.hh:37:4: note: in instantiation of member function 'qs_vector<Isotope>::qs_vector' requested here
   37 |    Material()
      |    ^
In file included from MacroscopicCrossSection.cc:3:
In file included from ./MonteCarlo.hh:6:
./QS_Vector.hh:35:58: warning: field '_memPolicy' will be initialized after field '_isOpen' [-Wreorder-ctor]
   35 |    : _data(0), _capacity(aa._capacity), _size(aa._size), _memPolicy(aa._memPolicy), _isOpen(aa._isOpen)
      |                                                          ^~~~~~~~~~~~~~~~~~~~~~~~   ~~~~~~~~~~~~~~~~~~
      |                                                          _isOpen(aa._isOpen         _memPolicy(aa._memPolicy
./QS_Vector.hh:63:23: note: in instantiation of member function 'qs_vector<Isotope>::qs_vector' requested here
   63 |          qs_vector<T> temp(aa);
      |                       ^
./MaterialDatabase.hh:30:7: note: in instantiation of member function 'qs_vector<Isotope>::operator=' requested here
   30 | class Material
      |       ^
./MaterialDatabase.hh:66:12: note: in instantiation of member function 'qs_vector<Material>::push_back' requested here
   66 |       _mat.push_back(material);
      |            ^
In file included from MacroscopicCrossSection.cc:3:
In file included from ./MonteCarlo.hh:6:
./QS_Vector.hh:16:52: warning: field '_memPolicy' will be initialized after field '_isOpen' [-Wreorder-ctor]
   16 |    qs_vector() : _data(0), _capacity(0), _size(0), _memPolicy(MemoryControl::AllocationPolicy::HOST_MEM), _isOpen(0) {};
      |                                                    ^~~~~~~~~~~~~~~~~~~~~~~~~~~~~~~~~~~~~~~~~~~~~~~~~~~~   ~~~~~~~~~
      |                                                    _isOpen(0                                              _memPolicy(MemoryControl::AllocationPolicy::HOST_MEM
./NuclearData.hh:44:4: note: in instantiation of member function 'qs_vector<long double>::qs_vector' requested here
   44 |    NuclearDataReaction(){};
      |    ^
In file included from MacroscopicCrossSection.cc:3:
In file included from ./MonteCarlo.hh:6:
./QS_Vector.hh:19:46: warning: field '_memPolicy' will be initialized after field '_isOpen' [-Wreorder-ctor]
   19 |    : _data(0), _capacity(size), _size(size), _memPolicy(memPolicy), _isOpen(0) 
      |                                              ^~~~~~~~~~~~~~~~~~~~   ~~~~~~~~~
      |                                              _isOpen(0              _memPolicy(memPolicy
./NuclearData.hh:80:6: note: in instantiation of member function 'qs_vector<NuclearDataSpecies>::qs_vector' requested here
   80 |    : _species(1,VAR_MEM){}
      |      ^
In file included from MacroscopicCrossSection.cc:3:
In file included from ./MonteCarlo.hh:6:
./QS_Vector.hh:16:52: warning: field '_memPolicy' will be initialized after field '_isOpen' [-Wreorder-ctor]
   16 |    qs_vector() : _data(0), _capacity(0), _size(0), _memPolicy(MemoryControl::AllocationPolicy::HOST_MEM), _isOpen(0) {};
      |                                                    ^~~~~~~~~~~~~~~~~~~~~~~~~~~~~~~~~~~~~~~~~~~~~~~~~~~~   ~~~~~~~~~
      |                                                    _isOpen(0                                              _memPolicy(MemoryControl::AllocationPolicy::HOST_MEM
./NuclearData.hh:64:7: note: in instantiation of member function 'qs_vector<NuclearDataReaction>::qs_vector' requested here
   64 | class NuclearDataSpecies
      |       ^
./QS_Vector.hh:21:30: note: in instantiation of function template specialization 'MemoryControl::allocate<NuclearDataSpecies>' requested here
   21 |       _data = MemoryControl::allocate<T>(size, memPolicy);
      |                              ^
./NuclearData.hh:80:6: note: in instantiation of member function 'qs_vector<NuclearDataSpecies>::qs_vector' requested here
   80 |    : _species(1,VAR_MEM){}
      |      ^
12 warnings generated.
clang++ -DQS_LD  -std=c++11 -g -O0 -include cstdint -Wformat -Wall -c MeshPartition.cc -o MeshPartition.o
In file included from MeshPartition.cc:11:
In file included from ./CommObject.hh:9:
./FacetPair.hh:14:6: warning: initializer order does not match the declaration order [-Wreorder-ctor]
   14 |      _cellIndex1(location1.cell),
      |      ^~~~~~~~~~~~~~~~~~~~~~~~~~~
      |      _facetIndex1(location1.facet)
   15 |      _facetIndex1(location1.facet),
      |      ~~~~~~~~~~~~~~~~~~~~~~~~~~~~~
      |      _cellIndex1(location1.cell)
   16 |      _domainGid2(domainGid2),
   17 |      _domainIndex2(location2.domain),
   18 |      _cellIndex2(location2.cell),
      |      ~~~~~~~~~~~~~~~~~~~~~~~~~~~
      |      _facetIndex2(location2.facet)
   19 |      _facetIndex2(location2.facet)
      |      ~~~~~~~~~~~~~~~~~~~~~~~~~~~~~
      |      _cellIndex2(location2.cell)
./FacetPair.hh:14:6: note: field '_cellIndex1' will be initialized after field '_facetIndex1'
   14 |      _cellIndex1(location1.cell),
      |      ^~~~~~~~~~~~~~~~~~~~~~~~~~~
./FacetPair.hh:18:6: note: field '_cellIndex2' will be initialized after field '_facetIndex2'
   18 |      _cellIndex2(location2.cell),
      |      ^~~~~~~~~~~~~~~~~~~~~~~~~~~
MeshPartition.cc:95:13: warning: unused variable 'tmp' [-Wunused-variable]
   95 |       Tuple tmp = grid.cellIndexToTuple(root);
      |             ^~~
MeshPartition.cc:159:19: warning: unused variable 'iTuple' [-Wunused-variable]
  159 |             Tuple iTuple = grid.cellIndexToTuple(iCellGid);
      |                   ^~~~~~
In file included from MeshPartition.cc:8:
In file included from ./GlobalFccGrid.hh:7:
./TupleToIndex.hh:18:12: warning: private field 'nz_' is not used [-Wunused-private-field]
   18 |     Long64 nz_;
      |            ^
In file included from MeshPartition.cc:8:
In file included from ./GlobalFccGrid.hh:8:
./IndexToTuple.hh:27:8: warning: private field 'nz_' is not used [-Wunused-private-field]
   27 |    int nz_;
      |        ^
In file included from MeshPartition.cc:8:
In file included from ./GlobalFccGrid.hh:9:
./Tuple4ToIndex.hh:19:11: warning: private field 'nb_' is not used [-Wunused-private-field]
   19 |    Long64 nb_;
      |           ^
In file included from MeshPartition.cc:8:
In file included from ./GlobalFccGrid.hh:10:
./IndexToTuple4.hh:30:8: warning: private field 'nb_' is not used [-Wunused-private-field]
   30 |    int nb_;
      |        ^
7 warnings generated.
clang++ -DQS_LD  -std=c++11 -g -O0 -include cstdint -Wformat -Wall -c MonteCarlo.cc -o MonteCarlo.o
In file included from MonteCarlo.cc:1:
In file included from ./MonteCarlo.hh:8:
./Parameters.hh:104:6: warning: field 'boundaryCondition' will be initialized after field 'energySpectrum' [-Wreorder-ctor]
  103 |      crossSectionsOut(""),
      |      ~~~~~~~~~~~~~~~~~~~~
      |      energySpectrum("")
  104 |      boundaryCondition("reflect"),
      |      ^~~~~~~~~~~~~~~~~~~~~~~~~~~~
      |      crossSectionsOut("")
  105 |      energySpectrum(""),
      |      ~~~~~~~~~~~~~~~~~~
      |      boundaryCondition("reflect")
./Parameters.hh:171:1: warning: 'Parameters' defined as a struct here but previously declared as a class; this is valid, but may result in linker errors under the Microsoft C++ ABI [-Wmismatched-tags]
  171 | struct Parameters
      | ^
./MC_Domain.hh:14:1: note: did you mean struct here?
   14 | class Parameters;
      | ^~~~~
      | struct
In file included from MonteCarlo.cc:7:
./Tallies.hh:316:42: warning: field '_num_cellTally_replications' will be initialized after field '_spectrum' [-Wreorder-ctor]
  315 |         _scalarFluxDomain(), _num_balance_replications(balRep), 
      |                              ~~~~~~~~~~~~~~~~~~~~~~~~~~~~~~~~~
      |                              _spectrum(spectrumName, spectrumSize)
  316 |         _num_flux_replications(fluxRep), _num_cellTally_replications(cellRep), 
      |         ~~~~~~~~~~~~~~~~~~~~~~~~~~~~~~~  ^~~~~~~~~~~~~~~~~~~~~~~~~~~~~~~~~~~~
      |         _num_balance_replications(balRep)_num_flux_replications(fluxRep)
  317 |         _spectrum(spectrumName, spectrumSize)
      |         ~~~~~~~~~~~~~~~~~~~~~~~~~~~~~~~~~~~~~
      |         _num_cellTally_replications(cellRep)
In file included from MonteCarlo.cc:8:
./MC_Processor_Info.hh:18:7: warning: field 'comm_mc_world' will be initialized after field 'use_gpu' [-Wreorder-ctor]
   18 |     : comm_mc_world(MPI_COMM_WORLD),
      |       ^~~~~~~~~~~~~~~~~~~~~~~~~~~~~
      |       use_gpu(0)
   19 |       use_gpu(0),
      |       ~~~~~~~~~~
      |       gpu_id(0)
   20 |       gpu_id(0)
      |       ~~~~~~~~~
      |       comm_mc_world(MPI_COMM_WORLD)
In file included from MonteCarlo.cc:1:
In file included from ./MonteCarlo.hh:6:
./QS_Vector.hh:16:52: warning: field '_memPolicy' will be initialized after field '_isOpen' [-Wreorder-ctor]
   16 |    qs_vector() : _data(0), _capacity(0), _size(0), _memPolicy(MemoryControl::AllocationPolicy::HOST_MEM), _isOpen(0) {};
      |                                                    ^~~~~~~~~~~~~~~~~~~~~~~~~~~~~~~~~~~~~~~~~~~~~~~~~~~~   ~~~~~~~~~
      |                                                    _isOpen(0                                              _memPolicy(MemoryControl::AllocationPolicy::HOST_MEM
./MC_Domain.hh:46:4: note: in instantiation of member function 'qs_vector<int>::qs_vector' requested here
   46 |    MC_Mesh_Domain(){};
      |    ^
In file included from MonteCarlo.cc:1:
In file included from ./MonteCarlo.hh:6:
./QS_Vector.hh:16:52: warning: field '_memPolicy' will be initialized after field '_isOpen' [-Wreorder-ctor]
   16 |    qs_vector() : _data(0), _capacity(0), _size(0), _memPolicy(MemoryControl::AllocationPolicy::HOST_MEM), _isOpen(0) {};
      |                                                    ^~~~~~~~~~~~~~~~~~~~~~~~~~~~~~~~~~~~~~~~~~~~~~~~~~~~   ~~~~~~~~~
      |                                                    _isOpen(0                                              _memPolicy(MemoryControl::AllocationPolicy::HOST_MEM
./MC_Domain.hh:46:4: note: in instantiation of member function 'qs_vector<MC_Vector>::qs_vector' requested here
   46 |    MC_Mesh_Domain(){};
      |    ^
In file included from MonteCarlo.cc:1:
In file included from ./MonteCarlo.hh:6:
./QS_Vector.hh:16:52: warning: field '_memPolicy' will be initialized after field '_isOpen' [-Wreorder-ctor]
   16 |    qs_vector() : _data(0), _capacity(0), _size(0), _memPolicy(MemoryControl::AllocationPolicy::HOST_MEM), _isOpen(0) {};
      |                                                    ^~~~~~~~~~~~~~~~~~~~~~~~~~~~~~~~~~~~~~~~~~~~~~~~~~~~   ~~~~~~~~~
      |                                                    _isOpen(0                                              _memPolicy(MemoryControl::AllocationPolicy::HOST_MEM
./MC_Domain.hh:46:4: note: in instantiation of member function 'qs_vector<MC_Facet_Adjacency_Cell>::qs_vector' requested here
   46 |    MC_Mesh_Domain(){};
      |    ^
In file included from MonteCarlo.cc:1:
In file included from ./MonteCarlo.hh:6:
./QS_Vector.hh:16:52: warning: field '_memPolicy' will be initialized after field '_isOpen' [-Wreorder-ctor]
   16 |    qs_vector() : _data(0), _capacity(0), _size(0), _memPolicy(MemoryControl::AllocationPolicy::HOST_MEM), _isOpen(0) {};
      |                                                    ^~~~~~~~~~~~~~~~~~~~~~~~~~~~~~~~~~~~~~~~~~~~~~~~~~~~   ~~~~~~~~~
      |                                                    _isOpen(0                                              _memPolicy(MemoryControl::AllocationPolicy::HOST_MEM
./MC_Domain.hh:46:4: note: in instantiation of member function 'qs_vector<MC_Facet_Geometry_Cell>::qs_vector' requested here
   46 |    MC_Mesh_Domain(){};
      |    ^
In file included from MonteCarlo.cc:1:
In file included from ./MonteCarlo.hh:6:
./QS_Vector.hh:16:52: warning: field '_memPolicy' will be initialized after field '_isOpen' [-Wreorder-ctor]
   16 |    qs_vector() : _data(0), _capacity(0), _size(0), _memPolicy(MemoryControl::AllocationPolicy::HOST_MEM), _isOpen(0) {};
      |                                                    ^~~~~~~~~~~~~~~~~~~~~~~~~~~~~~~~~~~~~~~~~~~~~~~~~~~~   ~~~~~~~~~
      |                                                    _isOpen(0                                              _memPolicy(MemoryControl::AllocationPolicy::HOST_MEM
./MC_Domain.hh:73:5: note: in instantiation of member function 'qs_vector<MC_Cell_State>::qs_vector' requested here
   73 |     MC_Domain(){};
      |     ^
In file included from MonteCarlo.cc:1:
In file included from ./MonteCarlo.hh:6:
./QS_Vector.hh:16:52: warning: field '_memPolicy' will be initialized after field '_isOpen' [-Wreorder-ctor]
   16 |    qs_vector() : _data(0), _capacity(0), _size(0), _memPolicy(MemoryControl::AllocationPolicy::HOST_MEM), _isOpen(0) {};
      |                                                    ^~~~~~~~~~~~~~~~~~~~~~~~~~~~~~~~~~~~~~~~~~~~~~~~~~~~   ~~~~~~~~~
      |                                                    _isOpen(0                                              _memPolicy(MemoryControl::AllocationPolicy::HOST_MEM
./NuclearData.hh:44:4: note: in instantiation of member function 'qs_vector<long double>::qs_vector' requested here
   44 |    NuclearDataReaction(){};
      |    ^
In file included from MonteCarlo.cc:1:
In file included from ./MonteCarlo.hh:6:
./QS_Vector.hh:19:46: warning: field '_memPolicy' will be initialized after field '_isOpen' [-Wreorder-ctor]
   19 |    : _data(0), _capacity(size), _size(size), _memPolicy(memPolicy), _isOpen(0) 
      |                                              ^~~~~~~~~~~~~~~~~~~~   ~~~~~~~~~
      |                                              _isOpen(0              _memPolicy(memPolicy
./NuclearData.hh:80:6: note: in instantiation of member function 'qs_vector<NuclearDataSpecies>::qs_vector' requested here
   80 |    : _species(1,VAR_MEM){}
      |      ^
In file included from MonteCarlo.cc:1:
In file included from ./MonteCarlo.hh:6:
./QS_Vector.hh:16:52: warning: field '_memPolicy' will be initialized after field '_isOpen' [-Wreorder-ctor]
   16 |    qs_vector() : _data(0), _capacity(0), _size(0), _memPolicy(MemoryControl::AllocationPolicy::HOST_MEM), _isOpen(0) {};
      |                                                    ^~~~~~~~~~~~~~~~~~~~~~~~~~~~~~~~~~~~~~~~~~~~~~~~~~~~   ~~~~~~~~~
      |                                                    _isOpen(0                                              _memPolicy(MemoryControl::AllocationPolicy::HOST_MEM
./NuclearData.hh:64:7: note: in instantiation of member function 'qs_vector<NuclearDataReaction>::qs_vector' requested here
   64 | class NuclearDataSpecies
      |       ^
./QS_Vector.hh:21:30: note: in instantiation of function template specialization 'MemoryControl::allocate<NuclearDataSpecies>' requested here
   21 |       _data = MemoryControl::allocate<T>(size, memPolicy);
      |                              ^
./NuclearData.hh:80:6: note: in instantiation of member function 'qs_vector<NuclearDataSpecies>::qs_vector' requested here
   80 |    : _species(1,VAR_MEM){}
      |      ^
In file included from MonteCarlo.cc:1:
In file included from ./MonteCarlo.hh:6:
./QS_Vector.hh:16:52: warning: field '_memPolicy' will be initialized after field '_isOpen' [-Wreorder-ctor]
   16 |    qs_vector() : _data(0), _capacity(0), _size(0), _memPolicy(MemoryControl::AllocationPolicy::HOST_MEM), _isOpen(0) {};
      |                                                    ^~~~~~~~~~~~~~~~~~~~~~~~~~~~~~~~~~~~~~~~~~~~~~~~~~~~   ~~~~~~~~~
      |                                                    _isOpen(0                                              _memPolicy(MemoryControl::AllocationPolicy::HOST_MEM
./MaterialDatabase.hh:37:4: note: in instantiation of member function 'qs_vector<Isotope>::qs_vector' requested here
   37 |    Material()
      |    ^
In file included from MonteCarlo.cc:1:
In file included from ./MonteCarlo.hh:6:
./QS_Vector.hh:35:58: warning: field '_memPolicy' will be initialized after field '_isOpen' [-Wreorder-ctor]
   35 |    : _data(0), _capacity(aa._capacity), _size(aa._size), _memPolicy(aa._memPolicy), _isOpen(aa._isOpen)
      |                                                          ^~~~~~~~~~~~~~~~~~~~~~~~   ~~~~~~~~~~~~~~~~~~
      |                                                          _isOpen(aa._isOpen         _memPolicy(aa._memPolicy
./QS_Vector.hh:63:23: note: in instantiation of member function 'qs_vector<Isotope>::qs_vector' requested here
   63 |          qs_vector<T> temp(aa);
      |                       ^
./MaterialDatabase.hh:30:7: note: in instantiation of member function 'qs_vector<Isotope>::operator=' requested here
   30 | class Material
      |       ^
./MaterialDatabase.hh:66:12: note: in instantiation of member function 'qs_vector<Material>::push_back' requested here
   66 |       _mat.push_back(material);
      |            ^
In file included from MonteCarlo.cc:1:
In file included from ./MonteCarlo.hh:6:
./QS_Vector.hh:16:52: warning: field '_memPolicy' will be initialized after field '_isOpen' [-Wreorder-ctor]
   16 |    qs_vector() : _data(0), _capacity(0), _size(0), _memPolicy(MemoryControl::AllocationPolicy::HOST_MEM), _isOpen(0) {};
      |                                                    ^~~~~~~~~~~~~~~~~~~~~~~~~~~~~~~~~~~~~~~~~~~~~~~~~~~~   ~~~~~~~~~
      |                                                    _isOpen(0                                              _memPolicy(MemoryControl::AllocationPolicy::HOST_MEM
./Tallies.hh:175:23: note: in instantiation of member function 'qs_vector<ScalarFluxCell>::qs_vector' requested here
  175 |    ScalarFluxTask() : _cell() {}
      |                       ^
In file included from MonteCarlo.cc:1:
In file included from ./MonteCarlo.hh:6:
./QS_Vector.hh:16:52: warning: field '_memPolicy' will be initialized after field '_isOpen' [-Wreorder-ctor]
   16 |    qs_vector() : _data(0), _capacity(0), _size(0), _memPolicy(MemoryControl::AllocationPolicy::HOST_MEM), _isOpen(0) {};
      |                                                    ^~~~~~~~~~~~~~~~~~~~~~~~~~~~~~~~~~~~~~~~~~~~~~~~~~~~   ~~~~~~~~~
      |                                                    _isOpen(0                                              _memPolicy(MemoryControl::AllocationPolicy::HOST_MEM
./Tallies.hh:226:24: note: in instantiation of member function 'qs_vector<CellTallyTask>::qs_vector' requested here
  226 |    CellTallyDomain() : _task() {}
      |                        ^
In file included from MonteCarlo.cc:1:
In file included from ./MonteCarlo.hh:6:
./QS_Vector.hh:35:58: warning: field '_memPolicy' will be initialized after field '_isOpen' [-Wreorder-ctor]
   35 |    : _data(0), _capacity(aa._capacity), _size(aa._size), _memPolicy(aa._memPolicy), _isOpen(aa._isOpen)
      |                                                          ^~~~~~~~~~~~~~~~~~~~~~~~   ~~~~~~~~~~~~~~~~~~
      |                                                          _isOpen(aa._isOpen         _memPolicy(aa._memPolicy
./QS_Vector.hh:63:23: note: in instantiation of member function 'qs_vector<long double>::qs_vector' requested here
   63 |          qs_vector<T> temp(aa);
      |                       ^
./Tallies.hh:128:7: note: in instantiation of member function 'qs_vector<long double>::operator=' requested here
  128 | class CellTallyTask
      |       ^
./Tallies.hh:238:17: note: in instantiation of member function 'qs_vector<CellTallyTask>::push_back' requested here
  238 |           _task.push_back(CellTallyTask(domain));
      |                 ^
In file included from MonteCarlo.cc:1:
In file included from ./MonteCarlo.hh:6:
./QS_Vector.hh:16:52: warning: field '_memPolicy' will be initialized after field '_isOpen' [-Wreorder-ctor]
   16 |    qs_vector() : _data(0), _capacity(0), _size(0), _memPolicy(MemoryControl::AllocationPolicy::HOST_MEM), _isOpen(0) {};
      |                                                    ^~~~~~~~~~~~~~~~~~~~~~~~~~~~~~~~~~~~~~~~~~~~~~~~~~~~   ~~~~~~~~~
      |                                                    _isOpen(0                                              _memPolicy(MemoryControl::AllocationPolicy::HOST_MEM
./Tallies.hh:251:25: note: in instantiation of member function 'qs_vector<ScalarFluxTask>::qs_vector' requested here
  251 |    ScalarFluxDomain() : _task() {}
      |                         ^
In file included from MonteCarlo.cc:1:
In file included from ./MonteCarlo.hh:6:
./QS_Vector.hh:35:58: warning: field '_memPolicy' will be initialized after field '_isOpen' [-Wreorder-ctor]
   35 |    : _data(0), _capacity(aa._capacity), _size(aa._size), _memPolicy(aa._memPolicy), _isOpen(aa._isOpen)
      |                                                          ^~~~~~~~~~~~~~~~~~~~~~~~   ~~~~~~~~~~~~~~~~~~
      |                                                          _isOpen(aa._isOpen         _memPolicy(aa._memPolicy
./QS_Vector.hh:63:23: note: in instantiation of member function 'qs_vector<ScalarFluxCell>::qs_vector' requested here
   63 |          qs_vector<T> temp(aa);
      |                       ^
./Tallies.hh:169:7: note: in instantiation of member function 'qs_vector<ScalarFluxCell>::operator=' requested here
  169 | class ScalarFluxTask
      |       ^
./Tallies.hh:263:17: note: in instantiation of member function 'qs_vector<ScalarFluxTask>::push_back' requested here
  263 |           _task.push_back(ScalarFluxTask(domain, numGroups));
      |                 ^
In file included from MonteCarlo.cc:1:
In file included from ./MonteCarlo.hh:6:
./QS_Vector.hh:16:52: warning: field '_memPolicy' will be initialized after field '_isOpen' [-Wreorder-ctor]
   16 |    qs_vector() : _data(0), _capacity(0), _size(0), _memPolicy(MemoryControl::AllocationPolicy::HOST_MEM), _isOpen(0) {};
      |                                                    ^~~~~~~~~~~~~~~~~~~~~~~~~~~~~~~~~~~~~~~~~~~~~~~~~~~~   ~~~~~~~~~
      |                                                    _isOpen(0                                              _memPolicy(MemoryControl::AllocationPolicy::HOST_MEM
./Tallies.hh:314:31: note: in instantiation of member function 'qs_vector<Balance>::qs_vector' requested here
  314 |       : _balanceCumulative(), _balanceTask(),
      |                               ^
In file included from MonteCarlo.cc:1:
In file included from ./MonteCarlo.hh:6:
./QS_Vector.hh:16:52: warning: field '_memPolicy' will be initialized after field '_isOpen' [-Wreorder-ctor]
   16 |    qs_vector() : _data(0), _capacity(0), _size(0), _memPolicy(MemoryControl::AllocationPolicy::HOST_MEM), _isOpen(0) {};
      |                                                    ^~~~~~~~~~~~~~~~~~~~~~~~~~~~~~~~~~~~~~~~~~~~~~~~~~~~   ~~~~~~~~~
      |                                                    _isOpen(0                                              _memPolicy(MemoryControl::AllocationPolicy::HOST_MEM
./Tallies.hh:315:9: note: in instantiation of member function 'qs_vector<ScalarFluxDomain>::qs_vector' requested here
  315 |         _scalarFluxDomain(), _num_balance_replications(balRep), 
      |         ^
In file included from MonteCarlo.cc:1:
In file included from ./MonteCarlo.hh:6:
./QS_Vector.hh:16:52: warning: field '_memPolicy' will be initialized after field '_isOpen' [-Wreorder-ctor]
   16 |    qs_vector() : _data(0), _capacity(0), _size(0), _memPolicy(MemoryControl::AllocationPolicy::HOST_MEM), _isOpen(0) {};
      |                                                    ^~~~~~~~~~~~~~~~~~~~~~~~~~~~~~~~~~~~~~~~~~~~~~~~~~~~   ~~~~~~~~~
      |                                                    _isOpen(0                                              _memPolicy(MemoryControl::AllocationPolicy::HOST_MEM
./Tallies.hh:313:5: note: in instantiation of member function 'qs_vector<CellTallyDomain>::qs_vector' requested here
  313 |     Tallies( int balRep, int fluxRep, int cellRep, std::string spectrumName, int spectrumSize )
      |     ^
In file included from MonteCarlo.cc:1:
In file included from ./MonteCarlo.hh:6:
./QS_Vector.hh:16:52: warning: field '_memPolicy' will be initialized after field '_isOpen' [-Wreorder-ctor]
   16 |    qs_vector() : _data(0), _capacity(0), _size(0), _memPolicy(MemoryControl::AllocationPolicy::HOST_MEM), _isOpen(0) {};
      |                                                    ^~~~~~~~~~~~~~~~~~~~~~~~~~~~~~~~~~~~~~~~~~~~~~~~~~~~   ~~~~~~~~~
      |                                                    _isOpen(0                                              _memPolicy(MemoryControl::AllocationPolicy::HOST_MEM
MonteCarlo.cc:22:13: note: in instantiation of member function 'qs_vector<MC_Domain>::qs_vector' requested here
   22 | MonteCarlo::MonteCarlo(const Parameters& params)
      |             ^
23 warnings generated.
clang++ -DQS_LD  -std=c++11 -g -O0 -include cstdint -Wformat -Wall -c MpiCommObject.cc -o MpiCommObject.o
In file included from MpiCommObject.cc:1:
In file included from ./MpiCommObject.hh:4:
In file included from ./CommObject.hh:9:
./FacetPair.hh:14:6: warning: initializer order does not match the declaration order [-Wreorder-ctor]
   14 |      _cellIndex1(location1.cell),
      |      ^~~~~~~~~~~~~~~~~~~~~~~~~~~
      |      _facetIndex1(location1.facet)
   15 |      _facetIndex1(location1.facet),
      |      ~~~~~~~~~~~~~~~~~~~~~~~~~~~~~
      |      _cellIndex1(location1.cell)
   16 |      _domainGid2(domainGid2),
   17 |      _domainIndex2(location2.domain),
   18 |      _cellIndex2(location2.cell),
      |      ~~~~~~~~~~~~~~~~~~~~~~~~~~~
      |      _facetIndex2(location2.facet)
   19 |      _facetIndex2(location2.facet)
      |      ~~~~~~~~~~~~~~~~~~~~~~~~~~~~~
      |      _cellIndex2(location2.cell)
./FacetPair.hh:14:6: note: field '_cellIndex1' will be initialized after field '_facetIndex1'
   14 |      _cellIndex1(location1.cell),
      |      ^~~~~~~~~~~~~~~~~~~~~~~~~~~
./FacetPair.hh:18:6: note: field '_cellIndex2' will be initialized after field '_facetIndex2'
   18 |      _cellIndex2(location2.cell),
      |      ^~~~~~~~~~~~~~~~~~~~~~~~~~~
1 warning generated.
clang++ -DQS_LD  -std=c++11 -g -O0 -include cstdint -Wformat -Wall -c NuclearData.cc -o NuclearData.o
In file included from NuclearData.cc:1:
In file included from ./NuclearData.hh:8:
./QS_Vector.hh:16:52: warning: field '_memPolicy' will be initialized after field '_isOpen' [-Wreorder-ctor]
   16 |    qs_vector() : _data(0), _capacity(0), _size(0), _memPolicy(MemoryControl::AllocationPolicy::HOST_MEM), _isOpen(0) {};
      |                                                    ^~~~~~~~~~~~~~~~~~~~~~~~~~~~~~~~~~~~~~~~~~~~~~~~~~~~   ~~~~~~~~~
      |                                                    _isOpen(0                                              _memPolicy(MemoryControl::AllocationPolicy::HOST_MEM
./NuclearData.hh:44:4: note: in instantiation of member function 'qs_vector<long double>::qs_vector' requested here
   44 |    NuclearDataReaction(){};
      |    ^
In file included from NuclearData.cc:1:
In file included from ./NuclearData.hh:8:
./QS_Vector.hh:19:46: warning: field '_memPolicy' will be initialized after field '_isOpen' [-Wreorder-ctor]
   19 |    : _data(0), _capacity(size), _size(size), _memPolicy(memPolicy), _isOpen(0) 
      |                                              ^~~~~~~~~~~~~~~~~~~~   ~~~~~~~~~
      |                                              _isOpen(0              _memPolicy(memPolicy
./NuclearData.hh:80:6: note: in instantiation of member function 'qs_vector<NuclearDataSpecies>::qs_vector' requested here
   80 |    : _species(1,VAR_MEM){}
      |      ^
In file included from NuclearData.cc:1:
In file included from ./NuclearData.hh:8:
./QS_Vector.hh:16:52: warning: field '_memPolicy' will be initialized after field '_isOpen' [-Wreorder-ctor]
   16 |    qs_vector() : _data(0), _capacity(0), _size(0), _memPolicy(MemoryControl::AllocationPolicy::HOST_MEM), _isOpen(0) {};
      |                                                    ^~~~~~~~~~~~~~~~~~~~~~~~~~~~~~~~~~~~~~~~~~~~~~~~~~~~   ~~~~~~~~~
      |                                                    _isOpen(0                                              _memPolicy(MemoryControl::AllocationPolicy::HOST_MEM
./NuclearData.hh:64:7: note: in instantiation of member function 'qs_vector<NuclearDataReaction>::qs_vector' requested here
   64 | class NuclearDataSpecies
      |       ^
./QS_Vector.hh:21:30: note: in instantiation of function template specialization 'MemoryControl::allocate<NuclearDataSpecies>' requested here
   21 |       _data = MemoryControl::allocate<T>(size, memPolicy);
      |                              ^
./NuclearData.hh:80:6: note: in instantiation of member function 'qs_vector<NuclearDataSpecies>::qs_vector' requested here
   80 |    : _species(1,VAR_MEM){}
      |      ^
In file included from NuclearData.cc:1:
In file included from ./NuclearData.hh:8:
./QS_Vector.hh:26:46: warning: field '_memPolicy' will be initialized after field '_isOpen' [-Wreorder-ctor]
   26 |    : _data(0), _capacity(size), _size(size), _memPolicy(memPolicy), _isOpen(0) 
      |                                              ^~~~~~~~~~~~~~~~~~~~   ~~~~~~~~~
      |                                              _isOpen(0              _memPolicy(memPolicy
NuclearData.cc:16:3: note: in instantiation of member function 'qs_vector<long double>::qs_vector' requested here
   16 | : _crossSection(energies.size()-1, qs_real(0.), VAR_MEM),
      |   ^
In file included from NuclearData.cc:1:
In file included from ./NuclearData.hh:8:
./QS_Vector.hh:35:58: warning: field '_memPolicy' will be initialized after field '_isOpen' [-Wreorder-ctor]
   35 |    : _data(0), _capacity(aa._capacity), _size(aa._size), _memPolicy(aa._memPolicy), _isOpen(aa._isOpen)
      |                                                          ^~~~~~~~~~~~~~~~~~~~~~~~   ~~~~~~~~~~~~~~~~~~
      |                                                          _isOpen(aa._isOpen         _memPolicy(aa._memPolicy
./QS_Vector.hh:63:23: note: in instantiation of member function 'qs_vector<long double>::qs_vector' requested here
   63 |          qs_vector<T> temp(aa);
      |                       ^
./NuclearData.hh:32:7: note: in instantiation of member function 'qs_vector<long double>::operator=' requested here
   32 | class NuclearDataReaction
      |       ^
NuclearData.cc:99:15: note: in instantiation of member function 'qs_vector<NuclearDataReaction>::push_back' requested here
   99 |    _reactions.push_back(NuclearDataReaction(type, nuBar, energies, polynomial, reactionCrossSection));
      |               ^
In file included from NuclearData.cc:1:
In file included from ./NuclearData.hh:8:
./QS_Vector.hh:19:46: warning: field '_memPolicy' will be initialized after field '_isOpen' [-Wreorder-ctor]
   19 |    : _data(0), _capacity(size), _size(size), _memPolicy(memPolicy), _isOpen(0) 
      |                                              ^~~~~~~~~~~~~~~~~~~~   ~~~~~~~~~
      |                                              _isOpen(0              _memPolicy(memPolicy
NuclearData.cc:106:82: note: in instantiation of member function 'qs_vector<long double>::qs_vector' requested here
  106 | NuclearData::NuclearData(int numGroups, qs_real energyLow, qs_real energyHigh) : _energies( numGroups+1,VAR_MEM)
      |                                                                                  ^
In file included from NuclearData.cc:1:
In file included from ./NuclearData.hh:8:
./QS_Vector.hh:16:52: warning: field '_memPolicy' will be initialized after field '_isOpen' [-Wreorder-ctor]
   16 |    qs_vector() : _data(0), _capacity(0), _size(0), _memPolicy(MemoryControl::AllocationPolicy::HOST_MEM), _isOpen(0) {};
      |                                                    ^~~~~~~~~~~~~~~~~~~~~~~~~~~~~~~~~~~~~~~~~~~~~~~~~~~~   ~~~~~~~~~
      |                                                    _isOpen(0                                              _memPolicy(MemoryControl::AllocationPolicy::HOST_MEM
NuclearData.cc:106:14: note: in instantiation of member function 'qs_vector<NuclearDataIsotope>::qs_vector' requested here
  106 | NuclearData::NuclearData(int numGroups, qs_real energyLow, qs_real energyHigh) : _energies( numGroups+1,VAR_MEM)
      |              ^
In file included from NuclearData.cc:1:
In file included from ./NuclearData.hh:8:
./QS_Vector.hh:35:58: warning: field '_memPolicy' will be initialized after field '_isOpen' [-Wreorder-ctor]
   35 |    : _data(0), _capacity(aa._capacity), _size(aa._size), _memPolicy(aa._memPolicy), _isOpen(aa._isOpen)
      |                                                          ^~~~~~~~~~~~~~~~~~~~~~~~   ~~~~~~~~~~~~~~~~~~
      |                                                          _isOpen(aa._isOpen         _memPolicy(aa._memPolicy
./QS_Vector.hh:63:23: note: in instantiation of member function 'qs_vector<NuclearDataSpecies>::qs_vector' requested here
   63 |          qs_vector<T> temp(aa);
      |                       ^
./NuclearData.hh:75:7: note: in instantiation of member function 'qs_vector<NuclearDataSpecies>::operator=' requested here
   75 | class NuclearDataIsotope
      |       ^
NuclearData.cc:132:14: note: in instantiation of member function 'qs_vector<NuclearDataIsotope>::push_back' requested here
  132 |    _isotopes.push_back(NuclearDataIsotope());
      |              ^
In file included from NuclearData.cc:1:
In file included from ./NuclearData.hh:8:
./QS_Vector.hh:35:58: warning: field '_memPolicy' will be initialized after field '_isOpen' [-Wreorder-ctor]
   35 |    : _data(0), _capacity(aa._capacity), _size(aa._size), _memPolicy(aa._memPolicy), _isOpen(aa._isOpen)
      |                                                          ^~~~~~~~~~~~~~~~~~~~~~~~   ~~~~~~~~~~~~~~~~~~
      |                                                          _isOpen(aa._isOpen         _memPolicy(aa._memPolicy
./QS_Vector.hh:63:23: note: in instantiation of member function 'qs_vector<NuclearDataReaction>::qs_vector' requested here
   63 |          qs_vector<T> temp(aa);
      |                       ^
./NuclearData.hh:64:7: note: in instantiation of member function 'qs_vector<NuclearDataReaction>::operator=' requested here
   64 | class NuclearDataSpecies
      |       ^
./QS_Vector.hh:63:23: note: in instantiation of member function 'qs_vector<NuclearDataSpecies>::qs_vector' requested here
   63 |          qs_vector<T> temp(aa);
      |                       ^
./NuclearData.hh:75:7: note: in instantiation of member function 'qs_vector<NuclearDataSpecies>::operator=' requested here
   75 | class NuclearDataIsotope
      |       ^
NuclearData.cc:132:14: note: in instantiation of member function 'qs_vector<NuclearDataIsotope>::push_back' requested here
  132 |    _isotopes.push_back(NuclearDataIsotope());
      |              ^
9 warnings generated.
clang++ -DQS_LD  -std=c++11 -g -O0 -include cstdint -Wformat -Wall -c Parameters.cc -o Parameters.o
In file included from Parameters.cc:25:
./Parameters.hh:104:6: warning: field 'boundaryCondition' will be initialized after field 'energySpectrum' [-Wreorder-ctor]
  103 |      crossSectionsOut(""),
      |      ~~~~~~~~~~~~~~~~~~~~
      |      energySpectrum("")
  104 |      boundaryCondition("reflect"),
      |      ^~~~~~~~~~~~~~~~~~~~~~~~~~~~
      |      crossSectionsOut("")
  105 |      energySpectrum(""),
      |      ~~~~~~~~~~~~~~~~~~
      |      boundaryCondition("reflect")
1 warning generated.
clang++ -DQS_LD  -std=c++11 -g -O0 -include cstdint -Wformat -Wall -c ParticleVault.cc -o ParticleVault.o
In file included from ParticleVault.cc:1:
In file included from ./ParticleVault.hh:4:
In file included from ./MC_Base_Particle.hh:10:
In file included from ./MC_Particle.hh:9:
In file included from ./Tallies.hh:13:
In file included from ./MonteCarlo.hh:8:
./Parameters.hh:104:6: warning: field 'boundaryCondition' will be initialized after field 'energySpectrum' [-Wreorder-ctor]
  103 |      crossSectionsOut(""),
      |      ~~~~~~~~~~~~~~~~~~~~
      |      energySpectrum("")
  104 |      boundaryCondition("reflect"),
      |      ^~~~~~~~~~~~~~~~~~~~~~~~~~~~
      |      crossSectionsOut("")
  105 |      energySpectrum(""),
      |      ~~~~~~~~~~~~~~~~~~
      |      boundaryCondition("reflect")
./Parameters.hh:171:1: warning: 'Parameters' defined as a struct here but previously declared as a class; this is valid, but may result in linker errors under the Microsoft C++ ABI [-Wmismatched-tags]
  171 | struct Parameters
      | ^
./MC_Domain.hh:14:1: note: did you mean struct here?
   14 | class Parameters;
      | ^~~~~
      | struct
In file included from ParticleVault.cc:1:
In file included from ./ParticleVault.hh:4:
In file included from ./MC_Base_Particle.hh:10:
In file included from ./MC_Particle.hh:9:
./Tallies.hh:316:42: warning: field '_num_cellTally_replications' will be initialized after field '_spectrum' [-Wreorder-ctor]
  315 |         _scalarFluxDomain(), _num_balance_replications(balRep), 
      |                              ~~~~~~~~~~~~~~~~~~~~~~~~~~~~~~~~~
      |                              _spectrum(spectrumName, spectrumSize)
  316 |         _num_flux_replications(fluxRep), _num_cellTally_replications(cellRep), 
      |         ~~~~~~~~~~~~~~~~~~~~~~~~~~~~~~~  ^~~~~~~~~~~~~~~~~~~~~~~~~~~~~~~~~~~~
      |         _num_balance_replications(balRep)_num_flux_replications(fluxRep)
  317 |         _spectrum(spectrumName, spectrumSize)
      |         ~~~~~~~~~~~~~~~~~~~~~~~~~~~~~~~~~~~~~
      |         _num_cellTally_replications(cellRep)
In file included from ParticleVault.cc:2:
./MC_Processor_Info.hh:18:7: warning: field 'comm_mc_world' will be initialized after field 'use_gpu' [-Wreorder-ctor]
   18 |     : comm_mc_world(MPI_COMM_WORLD),
      |       ^~~~~~~~~~~~~~~~~~~~~~~~~~~~~
      |       use_gpu(0)
   19 |       use_gpu(0),
      |       ~~~~~~~~~~
      |       gpu_id(0)
   20 |       gpu_id(0)
      |       ~~~~~~~~~
      |       comm_mc_world(MPI_COMM_WORLD)
In file included from ParticleVault.cc:1:
In file included from ./ParticleVault.hh:4:
In file included from ./MC_Base_Particle.hh:10:
In file included from ./MC_Particle.hh:9:
In file included from ./Tallies.hh:7:
./QS_Vector.hh:16:52: warning: field '_memPolicy' will be initialized after field '_isOpen' [-Wreorder-ctor]
   16 |    qs_vector() : _data(0), _capacity(0), _size(0), _memPolicy(MemoryControl::AllocationPolicy::HOST_MEM), _isOpen(0) {};
      |                                                    ^~~~~~~~~~~~~~~~~~~~~~~~~~~~~~~~~~~~~~~~~~~~~~~~~~~~   ~~~~~~~~~
      |                                                    _isOpen(0                                              _memPolicy(MemoryControl::AllocationPolicy::HOST_MEM
./NuclearData.hh:44:4: note: in instantiation of member function 'qs_vector<long double>::qs_vector' requested here
   44 |    NuclearDataReaction(){};
      |    ^
In file included from ParticleVault.cc:1:
In file included from ./ParticleVault.hh:4:
In file included from ./MC_Base_Particle.hh:10:
In file included from ./MC_Particle.hh:9:
In file included from ./Tallies.hh:7:
./QS_Vector.hh:19:46: warning: field '_memPolicy' will be initialized after field '_isOpen' [-Wreorder-ctor]
   19 |    : _data(0), _capacity(size), _size(size), _memPolicy(memPolicy), _isOpen(0) 
      |                                              ^~~~~~~~~~~~~~~~~~~~   ~~~~~~~~~
      |                                              _isOpen(0              _memPolicy(memPolicy
./NuclearData.hh:80:6: note: in instantiation of member function 'qs_vector<NuclearDataSpecies>::qs_vector' requested here
   80 |    : _species(1,VAR_MEM){}
      |      ^
In file included from ParticleVault.cc:1:
In file included from ./ParticleVault.hh:4:
In file included from ./MC_Base_Particle.hh:10:
In file included from ./MC_Particle.hh:9:
In file included from ./Tallies.hh:7:
./QS_Vector.hh:16:52: warning: field '_memPolicy' will be initialized after field '_isOpen' [-Wreorder-ctor]
   16 |    qs_vector() : _data(0), _capacity(0), _size(0), _memPolicy(MemoryControl::AllocationPolicy::HOST_MEM), _isOpen(0) {};
      |                                                    ^~~~~~~~~~~~~~~~~~~~~~~~~~~~~~~~~~~~~~~~~~~~~~~~~~~~   ~~~~~~~~~
      |                                                    _isOpen(0                                              _memPolicy(MemoryControl::AllocationPolicy::HOST_MEM
./NuclearData.hh:64:7: note: in instantiation of member function 'qs_vector<NuclearDataReaction>::qs_vector' requested here
   64 | class NuclearDataSpecies
      |       ^
./QS_Vector.hh:21:30: note: in instantiation of function template specialization 'MemoryControl::allocate<NuclearDataSpecies>' requested here
   21 |       _data = MemoryControl::allocate<T>(size, memPolicy);
      |                              ^
./NuclearData.hh:80:6: note: in instantiation of member function 'qs_vector<NuclearDataSpecies>::qs_vector' requested here
   80 |    : _species(1,VAR_MEM){}
      |      ^
In file included from ParticleVault.cc:1:
In file included from ./ParticleVault.hh:4:
In file included from ./MC_Base_Particle.hh:10:
In file included from ./MC_Particle.hh:9:
In file included from ./Tallies.hh:7:
./QS_Vector.hh:16:52: warning: field '_memPolicy' will be initialized after field '_isOpen' [-Wreorder-ctor]
   16 |    qs_vector() : _data(0), _capacity(0), _size(0), _memPolicy(MemoryControl::AllocationPolicy::HOST_MEM), _isOpen(0) {};
      |                                                    ^~~~~~~~~~~~~~~~~~~~~~~~~~~~~~~~~~~~~~~~~~~~~~~~~~~~   ~~~~~~~~~
      |                                                    _isOpen(0                                              _memPolicy(MemoryControl::AllocationPolicy::HOST_MEM
./MC_Domain.hh:46:4: note: in instantiation of member function 'qs_vector<int>::qs_vector' requested here
   46 |    MC_Mesh_Domain(){};
      |    ^
In file included from ParticleVault.cc:1:
In file included from ./ParticleVault.hh:4:
In file included from ./MC_Base_Particle.hh:10:
In file included from ./MC_Particle.hh:9:
In file included from ./Tallies.hh:7:
./QS_Vector.hh:16:52: warning: field '_memPolicy' will be initialized after field '_isOpen' [-Wreorder-ctor]
   16 |    qs_vector() : _data(0), _capacity(0), _size(0), _memPolicy(MemoryControl::AllocationPolicy::HOST_MEM), _isOpen(0) {};
      |                                                    ^~~~~~~~~~~~~~~~~~~~~~~~~~~~~~~~~~~~~~~~~~~~~~~~~~~~   ~~~~~~~~~
      |                                                    _isOpen(0                                              _memPolicy(MemoryControl::AllocationPolicy::HOST_MEM
./MC_Domain.hh:46:4: note: in instantiation of member function 'qs_vector<MC_Vector>::qs_vector' requested here
   46 |    MC_Mesh_Domain(){};
      |    ^
In file included from ParticleVault.cc:1:
In file included from ./ParticleVault.hh:4:
In file included from ./MC_Base_Particle.hh:10:
In file included from ./MC_Particle.hh:9:
In file included from ./Tallies.hh:7:
./QS_Vector.hh:16:52: warning: field '_memPolicy' will be initialized after field '_isOpen' [-Wreorder-ctor]
   16 |    qs_vector() : _data(0), _capacity(0), _size(0), _memPolicy(MemoryControl::AllocationPolicy::HOST_MEM), _isOpen(0) {};
      |                                                    ^~~~~~~~~~~~~~~~~~~~~~~~~~~~~~~~~~~~~~~~~~~~~~~~~~~~   ~~~~~~~~~
      |                                                    _isOpen(0                                              _memPolicy(MemoryControl::AllocationPolicy::HOST_MEM
./MC_Domain.hh:46:4: note: in instantiation of member function 'qs_vector<MC_Facet_Adjacency_Cell>::qs_vector' requested here
   46 |    MC_Mesh_Domain(){};
      |    ^
In file included from ParticleVault.cc:1:
In file included from ./ParticleVault.hh:4:
In file included from ./MC_Base_Particle.hh:10:
In file included from ./MC_Particle.hh:9:
In file included from ./Tallies.hh:7:
./QS_Vector.hh:16:52: warning: field '_memPolicy' will be initialized after field '_isOpen' [-Wreorder-ctor]
   16 |    qs_vector() : _data(0), _capacity(0), _size(0), _memPolicy(MemoryControl::AllocationPolicy::HOST_MEM), _isOpen(0) {};
      |                                                    ^~~~~~~~~~~~~~~~~~~~~~~~~~~~~~~~~~~~~~~~~~~~~~~~~~~~   ~~~~~~~~~
      |                                                    _isOpen(0                                              _memPolicy(MemoryControl::AllocationPolicy::HOST_MEM
./MC_Domain.hh:46:4: note: in instantiation of member function 'qs_vector<MC_Facet_Geometry_Cell>::qs_vector' requested here
   46 |    MC_Mesh_Domain(){};
      |    ^
In file included from ParticleVault.cc:1:
In file included from ./ParticleVault.hh:4:
In file included from ./MC_Base_Particle.hh:10:
In file included from ./MC_Particle.hh:9:
In file included from ./Tallies.hh:7:
./QS_Vector.hh:16:52: warning: field '_memPolicy' will be initialized after field '_isOpen' [-Wreorder-ctor]
   16 |    qs_vector() : _data(0), _capacity(0), _size(0), _memPolicy(MemoryControl::AllocationPolicy::HOST_MEM), _isOpen(0) {};
      |                                                    ^~~~~~~~~~~~~~~~~~~~~~~~~~~~~~~~~~~~~~~~~~~~~~~~~~~~   ~~~~~~~~~
      |                                                    _isOpen(0                                              _memPolicy(MemoryControl::AllocationPolicy::HOST_MEM
./MC_Domain.hh:73:5: note: in instantiation of member function 'qs_vector<MC_Cell_State>::qs_vector' requested here
   73 |     MC_Domain(){};
      |     ^
In file included from ParticleVault.cc:1:
In file included from ./ParticleVault.hh:4:
In file included from ./MC_Base_Particle.hh:10:
In file included from ./MC_Particle.hh:9:
In file included from ./Tallies.hh:7:
./QS_Vector.hh:16:52: warning: field '_memPolicy' will be initialized after field '_isOpen' [-Wreorder-ctor]
   16 |    qs_vector() : _data(0), _capacity(0), _size(0), _memPolicy(MemoryControl::AllocationPolicy::HOST_MEM), _isOpen(0) {};
      |                                                    ^~~~~~~~~~~~~~~~~~~~~~~~~~~~~~~~~~~~~~~~~~~~~~~~~~~~   ~~~~~~~~~
      |                                                    _isOpen(0                                              _memPolicy(MemoryControl::AllocationPolicy::HOST_MEM
./Tallies.hh:175:23: note: in instantiation of member function 'qs_vector<ScalarFluxCell>::qs_vector' requested here
  175 |    ScalarFluxTask() : _cell() {}
      |                       ^
In file included from ParticleVault.cc:1:
In file included from ./ParticleVault.hh:4:
In file included from ./MC_Base_Particle.hh:10:
In file included from ./MC_Particle.hh:9:
In file included from ./Tallies.hh:7:
./QS_Vector.hh:16:52: warning: field '_memPolicy' will be initialized after field '_isOpen' [-Wreorder-ctor]
   16 |    qs_vector() : _data(0), _capacity(0), _size(0), _memPolicy(MemoryControl::AllocationPolicy::HOST_MEM), _isOpen(0) {};
      |                                                    ^~~~~~~~~~~~~~~~~~~~~~~~~~~~~~~~~~~~~~~~~~~~~~~~~~~~   ~~~~~~~~~
      |                                                    _isOpen(0                                              _memPolicy(MemoryControl::AllocationPolicy::HOST_MEM
./Tallies.hh:226:24: note: in instantiation of member function 'qs_vector<CellTallyTask>::qs_vector' requested here
  226 |    CellTallyDomain() : _task() {}
      |                        ^
In file included from ParticleVault.cc:1:
In file included from ./ParticleVault.hh:4:
In file included from ./MC_Base_Particle.hh:10:
In file included from ./MC_Particle.hh:9:
In file included from ./Tallies.hh:7:
./QS_Vector.hh:35:58: warning: field '_memPolicy' will be initialized after field '_isOpen' [-Wreorder-ctor]
   35 |    : _data(0), _capacity(aa._capacity), _size(aa._size), _memPolicy(aa._memPolicy), _isOpen(aa._isOpen)
      |                                                          ^~~~~~~~~~~~~~~~~~~~~~~~   ~~~~~~~~~~~~~~~~~~
      |                                                          _isOpen(aa._isOpen         _memPolicy(aa._memPolicy
./QS_Vector.hh:63:23: note: in instantiation of member function 'qs_vector<long double>::qs_vector' requested here
   63 |          qs_vector<T> temp(aa);
      |                       ^
./Tallies.hh:128:7: note: in instantiation of member function 'qs_vector<long double>::operator=' requested here
  128 | class CellTallyTask
      |       ^
./Tallies.hh:238:17: note: in instantiation of member function 'qs_vector<CellTallyTask>::push_back' requested here
  238 |           _task.push_back(CellTallyTask(domain));
      |                 ^
In file included from ParticleVault.cc:1:
In file included from ./ParticleVault.hh:4:
In file included from ./MC_Base_Particle.hh:10:
In file included from ./MC_Particle.hh:9:
In file included from ./Tallies.hh:7:
./QS_Vector.hh:16:52: warning: field '_memPolicy' will be initialized after field '_isOpen' [-Wreorder-ctor]
   16 |    qs_vector() : _data(0), _capacity(0), _size(0), _memPolicy(MemoryControl::AllocationPolicy::HOST_MEM), _isOpen(0) {};
      |                                                    ^~~~~~~~~~~~~~~~~~~~~~~~~~~~~~~~~~~~~~~~~~~~~~~~~~~~   ~~~~~~~~~
      |                                                    _isOpen(0                                              _memPolicy(MemoryControl::AllocationPolicy::HOST_MEM
./Tallies.hh:251:25: note: in instantiation of member function 'qs_vector<ScalarFluxTask>::qs_vector' requested here
  251 |    ScalarFluxDomain() : _task() {}
      |                         ^
In file included from ParticleVault.cc:1:
In file included from ./ParticleVault.hh:4:
In file included from ./MC_Base_Particle.hh:10:
In file included from ./MC_Particle.hh:9:
In file included from ./Tallies.hh:7:
./QS_Vector.hh:35:58: warning: field '_memPolicy' will be initialized after field '_isOpen' [-Wreorder-ctor]
   35 |    : _data(0), _capacity(aa._capacity), _size(aa._size), _memPolicy(aa._memPolicy), _isOpen(aa._isOpen)
      |                                                          ^~~~~~~~~~~~~~~~~~~~~~~~   ~~~~~~~~~~~~~~~~~~
      |                                                          _isOpen(aa._isOpen         _memPolicy(aa._memPolicy
./QS_Vector.hh:63:23: note: in instantiation of member function 'qs_vector<ScalarFluxCell>::qs_vector' requested here
   63 |          qs_vector<T> temp(aa);
      |                       ^
./Tallies.hh:169:7: note: in instantiation of member function 'qs_vector<ScalarFluxCell>::operator=' requested here
  169 | class ScalarFluxTask
      |       ^
./Tallies.hh:263:17: note: in instantiation of member function 'qs_vector<ScalarFluxTask>::push_back' requested here
  263 |           _task.push_back(ScalarFluxTask(domain, numGroups));
      |                 ^
In file included from ParticleVault.cc:1:
In file included from ./ParticleVault.hh:4:
In file included from ./MC_Base_Particle.hh:10:
In file included from ./MC_Particle.hh:9:
In file included from ./Tallies.hh:7:
./QS_Vector.hh:16:52: warning: field '_memPolicy' will be initialized after field '_isOpen' [-Wreorder-ctor]
   16 |    qs_vector() : _data(0), _capacity(0), _size(0), _memPolicy(MemoryControl::AllocationPolicy::HOST_MEM), _isOpen(0) {};
      |                                                    ^~~~~~~~~~~~~~~~~~~~~~~~~~~~~~~~~~~~~~~~~~~~~~~~~~~~   ~~~~~~~~~
      |                                                    _isOpen(0                                              _memPolicy(MemoryControl::AllocationPolicy::HOST_MEM
./Tallies.hh:314:31: note: in instantiation of member function 'qs_vector<Balance>::qs_vector' requested here
  314 |       : _balanceCumulative(), _balanceTask(),
      |                               ^
In file included from ParticleVault.cc:1:
In file included from ./ParticleVault.hh:4:
In file included from ./MC_Base_Particle.hh:10:
In file included from ./MC_Particle.hh:9:
In file included from ./Tallies.hh:7:
./QS_Vector.hh:16:52: warning: field '_memPolicy' will be initialized after field '_isOpen' [-Wreorder-ctor]
   16 |    qs_vector() : _data(0), _capacity(0), _size(0), _memPolicy(MemoryControl::AllocationPolicy::HOST_MEM), _isOpen(0) {};
      |                                                    ^~~~~~~~~~~~~~~~~~~~~~~~~~~~~~~~~~~~~~~~~~~~~~~~~~~~   ~~~~~~~~~
      |                                                    _isOpen(0                                              _memPolicy(MemoryControl::AllocationPolicy::HOST_MEM
./Tallies.hh:315:9: note: in instantiation of member function 'qs_vector<ScalarFluxDomain>::qs_vector' requested here
  315 |         _scalarFluxDomain(), _num_balance_replications(balRep), 
      |         ^
In file included from ParticleVault.cc:1:
In file included from ./ParticleVault.hh:4:
In file included from ./MC_Base_Particle.hh:10:
In file included from ./MC_Particle.hh:9:
In file included from ./Tallies.hh:7:
./QS_Vector.hh:16:52: warning: field '_memPolicy' will be initialized after field '_isOpen' [-Wreorder-ctor]
   16 |    qs_vector() : _data(0), _capacity(0), _size(0), _memPolicy(MemoryControl::AllocationPolicy::HOST_MEM), _isOpen(0) {};
      |                                                    ^~~~~~~~~~~~~~~~~~~~~~~~~~~~~~~~~~~~~~~~~~~~~~~~~~~~   ~~~~~~~~~
      |                                                    _isOpen(0                                              _memPolicy(MemoryControl::AllocationPolicy::HOST_MEM
./Tallies.hh:313:5: note: in instantiation of member function 'qs_vector<CellTallyDomain>::qs_vector' requested here
  313 |     Tallies( int balRep, int fluxRep, int cellRep, std::string spectrumName, int spectrumSize )
      |     ^
20 warnings generated.
clang++ -DQS_LD  -std=c++11 -g -O0 -include cstdint -Wformat -Wall -c ParticleVaultContainer.cc -o ParticleVaultContainer.o
In file included from ParticleVaultContainer.cc:2:
In file included from ./ParticleVault.hh:4:
In file included from ./MC_Base_Particle.hh:10:
In file included from ./MC_Particle.hh:9:
In file included from ./Tallies.hh:13:
In file included from ./MonteCarlo.hh:8:
./Parameters.hh:104:6: warning: field 'boundaryCondition' will be initialized after field 'energySpectrum' [-Wreorder-ctor]
  103 |      crossSectionsOut(""),
      |      ~~~~~~~~~~~~~~~~~~~~
      |      energySpectrum("")
  104 |      boundaryCondition("reflect"),
      |      ^~~~~~~~~~~~~~~~~~~~~~~~~~~~
      |      crossSectionsOut("")
  105 |      energySpectrum(""),
      |      ~~~~~~~~~~~~~~~~~~
      |      boundaryCondition("reflect")
./Parameters.hh:171:1: warning: 'Parameters' defined as a struct here but previously declared as a class; this is valid, but may result in linker errors under the Microsoft C++ ABI [-Wmismatched-tags]
  171 | struct Parameters
      | ^
./MC_Domain.hh:14:1: note: did you mean struct here?
   14 | class Parameters;
      | ^~~~~
      | struct
In file included from ParticleVaultContainer.cc:2:
In file included from ./ParticleVault.hh:4:
In file included from ./MC_Base_Particle.hh:10:
In file included from ./MC_Particle.hh:9:
./Tallies.hh:316:42: warning: field '_num_cellTally_replications' will be initialized after field '_spectrum' [-Wreorder-ctor]
  315 |         _scalarFluxDomain(), _num_balance_replications(balRep), 
      |                              ~~~~~~~~~~~~~~~~~~~~~~~~~~~~~~~~~
      |                              _spectrum(spectrumName, spectrumSize)
  316 |         _num_flux_replications(fluxRep), _num_cellTally_replications(cellRep), 
      |         ~~~~~~~~~~~~~~~~~~~~~~~~~~~~~~~  ^~~~~~~~~~~~~~~~~~~~~~~~~~~~~~~~~~~~
      |         _num_balance_replications(balRep)_num_flux_replications(fluxRep)
  317 |         _spectrum(spectrumName, spectrumSize)
      |         ~~~~~~~~~~~~~~~~~~~~~~~~~~~~~~~~~~~~~
      |         _num_cellTally_replications(cellRep)
ParticleVaultContainer.cc:200:14: warning: unused variable 'size_processing' [-Wunused-variable]
  200 |     uint64_t size_processing = this->sizeProcessing(); 
      |              ^~~~~~~~~~~~~~~
ParticleVaultContainer.cc:238:14: warning: unused variable 'size_processed' [-Wunused-variable]
  238 |     uint64_t size_processed = this->sizeProcessed(); 
      |              ^~~~~~~~~~~~~~
In file included from ParticleVaultContainer.cc:1:
In file included from ./ParticleVaultContainer.hh:7:
./QS_Vector.hh:16:52: warning: field '_memPolicy' will be initialized after field '_isOpen' [-Wreorder-ctor]
   16 |    qs_vector() : _data(0), _capacity(0), _size(0), _memPolicy(MemoryControl::AllocationPolicy::HOST_MEM), _isOpen(0) {};
      |                                                    ^~~~~~~~~~~~~~~~~~~~~~~~~~~~~~~~~~~~~~~~~~~~~~~~~~~~   ~~~~~~~~~
      |                                                    _isOpen(0                                              _memPolicy(MemoryControl::AllocationPolicy::HOST_MEM
./NuclearData.hh:44:4: note: in instantiation of member function 'qs_vector<long double>::qs_vector' requested here
   44 |    NuclearDataReaction(){};
      |    ^
In file included from ParticleVaultContainer.cc:1:
In file included from ./ParticleVaultContainer.hh:7:
./QS_Vector.hh:19:46: warning: field '_memPolicy' will be initialized after field '_isOpen' [-Wreorder-ctor]
   19 |    : _data(0), _capacity(size), _size(size), _memPolicy(memPolicy), _isOpen(0) 
      |                                              ^~~~~~~~~~~~~~~~~~~~   ~~~~~~~~~
      |                                              _isOpen(0              _memPolicy(memPolicy
./NuclearData.hh:80:6: note: in instantiation of member function 'qs_vector<NuclearDataSpecies>::qs_vector' requested here
   80 |    : _species(1,VAR_MEM){}
      |      ^
In file included from ParticleVaultContainer.cc:1:
In file included from ./ParticleVaultContainer.hh:7:
./QS_Vector.hh:16:52: warning: field '_memPolicy' will be initialized after field '_isOpen' [-Wreorder-ctor]
   16 |    qs_vector() : _data(0), _capacity(0), _size(0), _memPolicy(MemoryControl::AllocationPolicy::HOST_MEM), _isOpen(0) {};
      |                                                    ^~~~~~~~~~~~~~~~~~~~~~~~~~~~~~~~~~~~~~~~~~~~~~~~~~~~   ~~~~~~~~~
      |                                                    _isOpen(0                                              _memPolicy(MemoryControl::AllocationPolicy::HOST_MEM
./NuclearData.hh:64:7: note: in instantiation of member function 'qs_vector<NuclearDataReaction>::qs_vector' requested here
   64 | class NuclearDataSpecies
      |       ^
./QS_Vector.hh:21:30: note: in instantiation of function template specialization 'MemoryControl::allocate<NuclearDataSpecies>' requested here
   21 |       _data = MemoryControl::allocate<T>(size, memPolicy);
      |                              ^
./NuclearData.hh:80:6: note: in instantiation of member function 'qs_vector<NuclearDataSpecies>::qs_vector' requested here
   80 |    : _species(1,VAR_MEM){}
      |      ^
In file included from ParticleVaultContainer.cc:1:
In file included from ./ParticleVaultContainer.hh:7:
./QS_Vector.hh:16:52: warning: field '_memPolicy' will be initialized after field '_isOpen' [-Wreorder-ctor]
   16 |    qs_vector() : _data(0), _capacity(0), _size(0), _memPolicy(MemoryControl::AllocationPolicy::HOST_MEM), _isOpen(0) {};
      |                                                    ^~~~~~~~~~~~~~~~~~~~~~~~~~~~~~~~~~~~~~~~~~~~~~~~~~~~   ~~~~~~~~~
      |                                                    _isOpen(0                                              _memPolicy(MemoryControl::AllocationPolicy::HOST_MEM
./MC_Domain.hh:46:4: note: in instantiation of member function 'qs_vector<int>::qs_vector' requested here
   46 |    MC_Mesh_Domain(){};
      |    ^
In file included from ParticleVaultContainer.cc:1:
In file included from ./ParticleVaultContainer.hh:7:
./QS_Vector.hh:16:52: warning: field '_memPolicy' will be initialized after field '_isOpen' [-Wreorder-ctor]
   16 |    qs_vector() : _data(0), _capacity(0), _size(0), _memPolicy(MemoryControl::AllocationPolicy::HOST_MEM), _isOpen(0) {};
      |                                                    ^~~~~~~~~~~~~~~~~~~~~~~~~~~~~~~~~~~~~~~~~~~~~~~~~~~~   ~~~~~~~~~
      |                                                    _isOpen(0                                              _memPolicy(MemoryControl::AllocationPolicy::HOST_MEM
./MC_Domain.hh:46:4: note: in instantiation of member function 'qs_vector<MC_Vector>::qs_vector' requested here
   46 |    MC_Mesh_Domain(){};
      |    ^
In file included from ParticleVaultContainer.cc:1:
In file included from ./ParticleVaultContainer.hh:7:
./QS_Vector.hh:16:52: warning: field '_memPolicy' will be initialized after field '_isOpen' [-Wreorder-ctor]
   16 |    qs_vector() : _data(0), _capacity(0), _size(0), _memPolicy(MemoryControl::AllocationPolicy::HOST_MEM), _isOpen(0) {};
      |                                                    ^~~~~~~~~~~~~~~~~~~~~~~~~~~~~~~~~~~~~~~~~~~~~~~~~~~~   ~~~~~~~~~
      |                                                    _isOpen(0                                              _memPolicy(MemoryControl::AllocationPolicy::HOST_MEM
./MC_Domain.hh:46:4: note: in instantiation of member function 'qs_vector<MC_Facet_Adjacency_Cell>::qs_vector' requested here
   46 |    MC_Mesh_Domain(){};
      |    ^
In file included from ParticleVaultContainer.cc:1:
In file included from ./ParticleVaultContainer.hh:7:
./QS_Vector.hh:16:52: warning: field '_memPolicy' will be initialized after field '_isOpen' [-Wreorder-ctor]
   16 |    qs_vector() : _data(0), _capacity(0), _size(0), _memPolicy(MemoryControl::AllocationPolicy::HOST_MEM), _isOpen(0) {};
      |                                                    ^~~~~~~~~~~~~~~~~~~~~~~~~~~~~~~~~~~~~~~~~~~~~~~~~~~~   ~~~~~~~~~
      |                                                    _isOpen(0                                              _memPolicy(MemoryControl::AllocationPolicy::HOST_MEM
./MC_Domain.hh:46:4: note: in instantiation of member function 'qs_vector<MC_Facet_Geometry_Cell>::qs_vector' requested here
   46 |    MC_Mesh_Domain(){};
      |    ^
In file included from ParticleVaultContainer.cc:1:
In file included from ./ParticleVaultContainer.hh:7:
./QS_Vector.hh:16:52: warning: field '_memPolicy' will be initialized after field '_isOpen' [-Wreorder-ctor]
   16 |    qs_vector() : _data(0), _capacity(0), _size(0), _memPolicy(MemoryControl::AllocationPolicy::HOST_MEM), _isOpen(0) {};
      |                                                    ^~~~~~~~~~~~~~~~~~~~~~~~~~~~~~~~~~~~~~~~~~~~~~~~~~~~   ~~~~~~~~~
      |                                                    _isOpen(0                                              _memPolicy(MemoryControl::AllocationPolicy::HOST_MEM
./MC_Domain.hh:73:5: note: in instantiation of member function 'qs_vector<MC_Cell_State>::qs_vector' requested here
   73 |     MC_Domain(){};
      |     ^
In file included from ParticleVaultContainer.cc:1:
In file included from ./ParticleVaultContainer.hh:7:
./QS_Vector.hh:16:52: warning: field '_memPolicy' will be initialized after field '_isOpen' [-Wreorder-ctor]
   16 |    qs_vector() : _data(0), _capacity(0), _size(0), _memPolicy(MemoryControl::AllocationPolicy::HOST_MEM), _isOpen(0) {};
      |                                                    ^~~~~~~~~~~~~~~~~~~~~~~~~~~~~~~~~~~~~~~~~~~~~~~~~~~~   ~~~~~~~~~
      |                                                    _isOpen(0                                              _memPolicy(MemoryControl::AllocationPolicy::HOST_MEM
./Tallies.hh:175:23: note: in instantiation of member function 'qs_vector<ScalarFluxCell>::qs_vector' requested here
  175 |    ScalarFluxTask() : _cell() {}
      |                       ^
In file included from ParticleVaultContainer.cc:1:
In file included from ./ParticleVaultContainer.hh:7:
./QS_Vector.hh:16:52: warning: field '_memPolicy' will be initialized after field '_isOpen' [-Wreorder-ctor]
   16 |    qs_vector() : _data(0), _capacity(0), _size(0), _memPolicy(MemoryControl::AllocationPolicy::HOST_MEM), _isOpen(0) {};
      |                                                    ^~~~~~~~~~~~~~~~~~~~~~~~~~~~~~~~~~~~~~~~~~~~~~~~~~~~   ~~~~~~~~~
      |                                                    _isOpen(0                                              _memPolicy(MemoryControl::AllocationPolicy::HOST_MEM
./Tallies.hh:226:24: note: in instantiation of member function 'qs_vector<CellTallyTask>::qs_vector' requested here
  226 |    CellTallyDomain() : _task() {}
      |                        ^
In file included from ParticleVaultContainer.cc:1:
In file included from ./ParticleVaultContainer.hh:7:
./QS_Vector.hh:35:58: warning: field '_memPolicy' will be initialized after field '_isOpen' [-Wreorder-ctor]
   35 |    : _data(0), _capacity(aa._capacity), _size(aa._size), _memPolicy(aa._memPolicy), _isOpen(aa._isOpen)
      |                                                          ^~~~~~~~~~~~~~~~~~~~~~~~   ~~~~~~~~~~~~~~~~~~
      |                                                          _isOpen(aa._isOpen         _memPolicy(aa._memPolicy
./QS_Vector.hh:63:23: note: in instantiation of member function 'qs_vector<long double>::qs_vector' requested here
   63 |          qs_vector<T> temp(aa);
      |                       ^
./Tallies.hh:128:7: note: in instantiation of member function 'qs_vector<long double>::operator=' requested here
  128 | class CellTallyTask
      |       ^
./Tallies.hh:238:17: note: in instantiation of member function 'qs_vector<CellTallyTask>::push_back' requested here
  238 |           _task.push_back(CellTallyTask(domain));
      |                 ^
In file included from ParticleVaultContainer.cc:1:
In file included from ./ParticleVaultContainer.hh:7:
./QS_Vector.hh:16:52: warning: field '_memPolicy' will be initialized after field '_isOpen' [-Wreorder-ctor]
   16 |    qs_vector() : _data(0), _capacity(0), _size(0), _memPolicy(MemoryControl::AllocationPolicy::HOST_MEM), _isOpen(0) {};
      |                                                    ^~~~~~~~~~~~~~~~~~~~~~~~~~~~~~~~~~~~~~~~~~~~~~~~~~~~   ~~~~~~~~~
      |                                                    _isOpen(0                                              _memPolicy(MemoryControl::AllocationPolicy::HOST_MEM
./Tallies.hh:251:25: note: in instantiation of member function 'qs_vector<ScalarFluxTask>::qs_vector' requested here
  251 |    ScalarFluxDomain() : _task() {}
      |                         ^
In file included from ParticleVaultContainer.cc:1:
In file included from ./ParticleVaultContainer.hh:7:
./QS_Vector.hh:35:58: warning: field '_memPolicy' will be initialized after field '_isOpen' [-Wreorder-ctor]
   35 |    : _data(0), _capacity(aa._capacity), _size(aa._size), _memPolicy(aa._memPolicy), _isOpen(aa._isOpen)
      |                                                          ^~~~~~~~~~~~~~~~~~~~~~~~   ~~~~~~~~~~~~~~~~~~
      |                                                          _isOpen(aa._isOpen         _memPolicy(aa._memPolicy
./QS_Vector.hh:63:23: note: in instantiation of member function 'qs_vector<ScalarFluxCell>::qs_vector' requested here
   63 |          qs_vector<T> temp(aa);
      |                       ^
./Tallies.hh:169:7: note: in instantiation of member function 'qs_vector<ScalarFluxCell>::operator=' requested here
  169 | class ScalarFluxTask
      |       ^
./Tallies.hh:263:17: note: in instantiation of member function 'qs_vector<ScalarFluxTask>::push_back' requested here
  263 |           _task.push_back(ScalarFluxTask(domain, numGroups));
      |                 ^
In file included from ParticleVaultContainer.cc:1:
In file included from ./ParticleVaultContainer.hh:7:
./QS_Vector.hh:16:52: warning: field '_memPolicy' will be initialized after field '_isOpen' [-Wreorder-ctor]
   16 |    qs_vector() : _data(0), _capacity(0), _size(0), _memPolicy(MemoryControl::AllocationPolicy::HOST_MEM), _isOpen(0) {};
      |                                                    ^~~~~~~~~~~~~~~~~~~~~~~~~~~~~~~~~~~~~~~~~~~~~~~~~~~~   ~~~~~~~~~
      |                                                    _isOpen(0                                              _memPolicy(MemoryControl::AllocationPolicy::HOST_MEM
./Tallies.hh:314:31: note: in instantiation of member function 'qs_vector<Balance>::qs_vector' requested here
  314 |       : _balanceCumulative(), _balanceTask(),
      |                               ^
In file included from ParticleVaultContainer.cc:1:
In file included from ./ParticleVaultContainer.hh:7:
./QS_Vector.hh:16:52: warning: field '_memPolicy' will be initialized after field '_isOpen' [-Wreorder-ctor]
   16 |    qs_vector() : _data(0), _capacity(0), _size(0), _memPolicy(MemoryControl::AllocationPolicy::HOST_MEM), _isOpen(0) {};
      |                                                    ^~~~~~~~~~~~~~~~~~~~~~~~~~~~~~~~~~~~~~~~~~~~~~~~~~~~   ~~~~~~~~~
      |                                                    _isOpen(0                                              _memPolicy(MemoryControl::AllocationPolicy::HOST_MEM
./Tallies.hh:315:9: note: in instantiation of member function 'qs_vector<ScalarFluxDomain>::qs_vector' requested here
  315 |         _scalarFluxDomain(), _num_balance_replications(balRep), 
      |         ^
In file included from ParticleVaultContainer.cc:1:
In file included from ./ParticleVaultContainer.hh:7:
./QS_Vector.hh:16:52: warning: field '_memPolicy' will be initialized after field '_isOpen' [-Wreorder-ctor]
   16 |    qs_vector() : _data(0), _capacity(0), _size(0), _memPolicy(MemoryControl::AllocationPolicy::HOST_MEM), _isOpen(0) {};
      |                                                    ^~~~~~~~~~~~~~~~~~~~~~~~~~~~~~~~~~~~~~~~~~~~~~~~~~~~   ~~~~~~~~~
      |                                                    _isOpen(0                                              _memPolicy(MemoryControl::AllocationPolicy::HOST_MEM
./Tallies.hh:313:5: note: in instantiation of member function 'qs_vector<CellTallyDomain>::qs_vector' requested here
  313 |     Tallies( int balRep, int fluxRep, int cellRep, std::string spectrumName, int spectrumSize )
      |     ^
In file included from ParticleVaultContainer.cc:1:
In file included from ./ParticleVaultContainer.hh:7:
./QS_Vector.hh:19:46: warning: field '_memPolicy' will be initialized after field '_isOpen' [-Wreorder-ctor]
   19 |    : _data(0), _capacity(size), _size(size), _memPolicy(memPolicy), _isOpen(0) 
      |                                              ^~~~~~~~~~~~~~~~~~~~   ~~~~~~~~~
      |                                              _isOpen(0              _memPolicy(memPolicy
ParticleVaultContainer.cc:22:3: note: in instantiation of member function 'qs_vector<ParticleVault *>::qs_vector' requested here
   22 |   _extraVault     ( num_extra_vaults, VAR_MEM )
      |   ^
In file included from ParticleVaultContainer.cc:1:
In file included from ./ParticleVaultContainer.hh:7:
./QS_Vector.hh:16:52: warning: field '_memPolicy' will be initialized after field '_isOpen' [-Wreorder-ctor]
   16 |    qs_vector() : _data(0), _capacity(0), _size(0), _memPolicy(MemoryControl::AllocationPolicy::HOST_MEM), _isOpen(0) {};
      |                                                    ^~~~~~~~~~~~~~~~~~~~~~~~~~~~~~~~~~~~~~~~~~~~~~~~~~~~   ~~~~~~~~~
      |                                                    _isOpen(0                                              _memPolicy(MemoryControl::AllocationPolicy::HOST_MEM
./ParticleVault.hh:10:7: note: in instantiation of member function 'qs_vector<MC_Base_Particle>::qs_vector' requested here
   10 | class ParticleVault
      |       ^
ParticleVaultContainer.cc:30:28: note: in instantiation of function template specialization 'MemoryControl::allocate<ParticleVault>' requested here
   30 |             MemoryControl::allocate<ParticleVault>(1 ,VAR_MEM);
      |                            ^
23 warnings generated.
clang++ -DQS_LD  -std=c++11 -g -O0 -include cstdint -Wformat -Wall -c PopulationControl.cc -o PopulationControl.o
In file included from PopulationControl.cc:3:
./MC_Processor_Info.hh:18:7: warning: field 'comm_mc_world' will be initialized after field 'use_gpu' [-Wreorder-ctor]
   18 |     : comm_mc_world(MPI_COMM_WORLD),
      |       ^~~~~~~~~~~~~~~~~~~~~~~~~~~~~
      |       use_gpu(0)
   19 |       use_gpu(0),
      |       ~~~~~~~~~~
      |       gpu_id(0)
   20 |       gpu_id(0)
      |       ~~~~~~~~~
      |       comm_mc_world(MPI_COMM_WORLD)
In file included from PopulationControl.cc:4:
In file included from ./MonteCarlo.hh:8:
./Parameters.hh:104:6: warning: field 'boundaryCondition' will be initialized after field 'energySpectrum' [-Wreorder-ctor]
  103 |      crossSectionsOut(""),
      |      ~~~~~~~~~~~~~~~~~~~~
      |      energySpectrum("")
  104 |      boundaryCondition("reflect"),
      |      ^~~~~~~~~~~~~~~~~~~~~~~~~~~~
      |      crossSectionsOut("")
  105 |      energySpectrum(""),
      |      ~~~~~~~~~~~~~~~~~~
      |      boundaryCondition("reflect")
./Parameters.hh:171:1: warning: 'Parameters' defined as a struct here but previously declared as a class; this is valid, but may result in linker errors under the Microsoft C++ ABI [-Wmismatched-tags]
  171 | struct Parameters
      | ^
./MC_Domain.hh:14:1: note: did you mean struct here?
   14 | class Parameters;
      | ^~~~~
      | struct
In file included from PopulationControl.cc:6:
In file included from ./MC_Particle.hh:9:
./Tallies.hh:316:42: warning: field '_num_cellTally_replications' will be initialized after field '_spectrum' [-Wreorder-ctor]
  315 |         _scalarFluxDomain(), _num_balance_replications(balRep), 
      |                              ~~~~~~~~~~~~~~~~~~~~~~~~~~~~~~~~~
      |                              _spectrum(spectrumName, spectrumSize)
  316 |         _num_flux_replications(fluxRep), _num_cellTally_replications(cellRep), 
      |         ~~~~~~~~~~~~~~~~~~~~~~~~~~~~~~~  ^~~~~~~~~~~~~~~~~~~~~~~~~~~~~~~~~~~~
      |         _num_balance_replications(balRep)_num_flux_replications(fluxRep)
  317 |         _spectrum(spectrumName, spectrumSize)
      |         ~~~~~~~~~~~~~~~~~~~~~~~~~~~~~~~~~~~~~
      |         _num_cellTally_replications(cellRep)
In file included from PopulationControl.cc:4:
In file included from ./MonteCarlo.hh:6:
./QS_Vector.hh:16:52: warning: field '_memPolicy' will be initialized after field '_isOpen' [-Wreorder-ctor]
   16 |    qs_vector() : _data(0), _capacity(0), _size(0), _memPolicy(MemoryControl::AllocationPolicy::HOST_MEM), _isOpen(0) {};
      |                                                    ^~~~~~~~~~~~~~~~~~~~~~~~~~~~~~~~~~~~~~~~~~~~~~~~~~~~   ~~~~~~~~~
      |                                                    _isOpen(0                                              _memPolicy(MemoryControl::AllocationPolicy::HOST_MEM
./MC_Domain.hh:46:4: note: in instantiation of member function 'qs_vector<int>::qs_vector' requested here
   46 |    MC_Mesh_Domain(){};
      |    ^
In file included from PopulationControl.cc:4:
In file included from ./MonteCarlo.hh:6:
./QS_Vector.hh:16:52: warning: field '_memPolicy' will be initialized after field '_isOpen' [-Wreorder-ctor]
   16 |    qs_vector() : _data(0), _capacity(0), _size(0), _memPolicy(MemoryControl::AllocationPolicy::HOST_MEM), _isOpen(0) {};
      |                                                    ^~~~~~~~~~~~~~~~~~~~~~~~~~~~~~~~~~~~~~~~~~~~~~~~~~~~   ~~~~~~~~~
      |                                                    _isOpen(0                                              _memPolicy(MemoryControl::AllocationPolicy::HOST_MEM
./MC_Domain.hh:46:4: note: in instantiation of member function 'qs_vector<MC_Vector>::qs_vector' requested here
   46 |    MC_Mesh_Domain(){};
      |    ^
In file included from PopulationControl.cc:4:
In file included from ./MonteCarlo.hh:6:
./QS_Vector.hh:16:52: warning: field '_memPolicy' will be initialized after field '_isOpen' [-Wreorder-ctor]
   16 |    qs_vector() : _data(0), _capacity(0), _size(0), _memPolicy(MemoryControl::AllocationPolicy::HOST_MEM), _isOpen(0) {};
      |                                                    ^~~~~~~~~~~~~~~~~~~~~~~~~~~~~~~~~~~~~~~~~~~~~~~~~~~~   ~~~~~~~~~
      |                                                    _isOpen(0                                              _memPolicy(MemoryControl::AllocationPolicy::HOST_MEM
./MC_Domain.hh:46:4: note: in instantiation of member function 'qs_vector<MC_Facet_Adjacency_Cell>::qs_vector' requested here
   46 |    MC_Mesh_Domain(){};
      |    ^
In file included from PopulationControl.cc:4:
In file included from ./MonteCarlo.hh:6:
./QS_Vector.hh:16:52: warning: field '_memPolicy' will be initialized after field '_isOpen' [-Wreorder-ctor]
   16 |    qs_vector() : _data(0), _capacity(0), _size(0), _memPolicy(MemoryControl::AllocationPolicy::HOST_MEM), _isOpen(0) {};
      |                                                    ^~~~~~~~~~~~~~~~~~~~~~~~~~~~~~~~~~~~~~~~~~~~~~~~~~~~   ~~~~~~~~~
      |                                                    _isOpen(0                                              _memPolicy(MemoryControl::AllocationPolicy::HOST_MEM
./MC_Domain.hh:46:4: note: in instantiation of member function 'qs_vector<MC_Facet_Geometry_Cell>::qs_vector' requested here
   46 |    MC_Mesh_Domain(){};
      |    ^
In file included from PopulationControl.cc:4:
In file included from ./MonteCarlo.hh:6:
./QS_Vector.hh:16:52: warning: field '_memPolicy' will be initialized after field '_isOpen' [-Wreorder-ctor]
   16 |    qs_vector() : _data(0), _capacity(0), _size(0), _memPolicy(MemoryControl::AllocationPolicy::HOST_MEM), _isOpen(0) {};
      |                                                    ^~~~~~~~~~~~~~~~~~~~~~~~~~~~~~~~~~~~~~~~~~~~~~~~~~~~   ~~~~~~~~~
      |                                                    _isOpen(0                                              _memPolicy(MemoryControl::AllocationPolicy::HOST_MEM
./MC_Domain.hh:73:5: note: in instantiation of member function 'qs_vector<MC_Cell_State>::qs_vector' requested here
   73 |     MC_Domain(){};
      |     ^
In file included from PopulationControl.cc:4:
In file included from ./MonteCarlo.hh:6:
./QS_Vector.hh:16:52: warning: field '_memPolicy' will be initialized after field '_isOpen' [-Wreorder-ctor]
   16 |    qs_vector() : _data(0), _capacity(0), _size(0), _memPolicy(MemoryControl::AllocationPolicy::HOST_MEM), _isOpen(0) {};
      |                                                    ^~~~~~~~~~~~~~~~~~~~~~~~~~~~~~~~~~~~~~~~~~~~~~~~~~~~   ~~~~~~~~~
      |                                                    _isOpen(0                                              _memPolicy(MemoryControl::AllocationPolicy::HOST_MEM
./NuclearData.hh:44:4: note: in instantiation of member function 'qs_vector<long double>::qs_vector' requested here
   44 |    NuclearDataReaction(){};
      |    ^
In file included from PopulationControl.cc:4:
In file included from ./MonteCarlo.hh:6:
./QS_Vector.hh:19:46: warning: field '_memPolicy' will be initialized after field '_isOpen' [-Wreorder-ctor]
   19 |    : _data(0), _capacity(size), _size(size), _memPolicy(memPolicy), _isOpen(0) 
      |                                              ^~~~~~~~~~~~~~~~~~~~   ~~~~~~~~~
      |                                              _isOpen(0              _memPolicy(memPolicy
./NuclearData.hh:80:6: note: in instantiation of member function 'qs_vector<NuclearDataSpecies>::qs_vector' requested here
   80 |    : _species(1,VAR_MEM){}
      |      ^
In file included from PopulationControl.cc:4:
In file included from ./MonteCarlo.hh:6:
./QS_Vector.hh:16:52: warning: field '_memPolicy' will be initialized after field '_isOpen' [-Wreorder-ctor]
   16 |    qs_vector() : _data(0), _capacity(0), _size(0), _memPolicy(MemoryControl::AllocationPolicy::HOST_MEM), _isOpen(0) {};
      |                                                    ^~~~~~~~~~~~~~~~~~~~~~~~~~~~~~~~~~~~~~~~~~~~~~~~~~~~   ~~~~~~~~~
      |                                                    _isOpen(0                                              _memPolicy(MemoryControl::AllocationPolicy::HOST_MEM
./NuclearData.hh:64:7: note: in instantiation of member function 'qs_vector<NuclearDataReaction>::qs_vector' requested here
   64 | class NuclearDataSpecies
      |       ^
./QS_Vector.hh:21:30: note: in instantiation of function template specialization 'MemoryControl::allocate<NuclearDataSpecies>' requested here
   21 |       _data = MemoryControl::allocate<T>(size, memPolicy);
      |                              ^
./NuclearData.hh:80:6: note: in instantiation of member function 'qs_vector<NuclearDataSpecies>::qs_vector' requested here
   80 |    : _species(1,VAR_MEM){}
      |      ^
In file included from PopulationControl.cc:4:
In file included from ./MonteCarlo.hh:6:
./QS_Vector.hh:16:52: warning: field '_memPolicy' will be initialized after field '_isOpen' [-Wreorder-ctor]
   16 |    qs_vector() : _data(0), _capacity(0), _size(0), _memPolicy(MemoryControl::AllocationPolicy::HOST_MEM), _isOpen(0) {};
      |                                                    ^~~~~~~~~~~~~~~~~~~~~~~~~~~~~~~~~~~~~~~~~~~~~~~~~~~~   ~~~~~~~~~
      |                                                    _isOpen(0                                              _memPolicy(MemoryControl::AllocationPolicy::HOST_MEM
./Tallies.hh:175:23: note: in instantiation of member function 'qs_vector<ScalarFluxCell>::qs_vector' requested here
  175 |    ScalarFluxTask() : _cell() {}
      |                       ^
In file included from PopulationControl.cc:4:
In file included from ./MonteCarlo.hh:6:
./QS_Vector.hh:16:52: warning: field '_memPolicy' will be initialized after field '_isOpen' [-Wreorder-ctor]
   16 |    qs_vector() : _data(0), _capacity(0), _size(0), _memPolicy(MemoryControl::AllocationPolicy::HOST_MEM), _isOpen(0) {};
      |                                                    ^~~~~~~~~~~~~~~~~~~~~~~~~~~~~~~~~~~~~~~~~~~~~~~~~~~~   ~~~~~~~~~
      |                                                    _isOpen(0                                              _memPolicy(MemoryControl::AllocationPolicy::HOST_MEM
./Tallies.hh:226:24: note: in instantiation of member function 'qs_vector<CellTallyTask>::qs_vector' requested here
  226 |    CellTallyDomain() : _task() {}
      |                        ^
In file included from PopulationControl.cc:4:
In file included from ./MonteCarlo.hh:6:
./QS_Vector.hh:35:58: warning: field '_memPolicy' will be initialized after field '_isOpen' [-Wreorder-ctor]
   35 |    : _data(0), _capacity(aa._capacity), _size(aa._size), _memPolicy(aa._memPolicy), _isOpen(aa._isOpen)
      |                                                          ^~~~~~~~~~~~~~~~~~~~~~~~   ~~~~~~~~~~~~~~~~~~
      |                                                          _isOpen(aa._isOpen         _memPolicy(aa._memPolicy
./QS_Vector.hh:63:23: note: in instantiation of member function 'qs_vector<long double>::qs_vector' requested here
   63 |          qs_vector<T> temp(aa);
      |                       ^
./Tallies.hh:128:7: note: in instantiation of member function 'qs_vector<long double>::operator=' requested here
  128 | class CellTallyTask
      |       ^
./Tallies.hh:238:17: note: in instantiation of member function 'qs_vector<CellTallyTask>::push_back' requested here
  238 |           _task.push_back(CellTallyTask(domain));
      |                 ^
In file included from PopulationControl.cc:4:
In file included from ./MonteCarlo.hh:6:
./QS_Vector.hh:16:52: warning: field '_memPolicy' will be initialized after field '_isOpen' [-Wreorder-ctor]
   16 |    qs_vector() : _data(0), _capacity(0), _size(0), _memPolicy(MemoryControl::AllocationPolicy::HOST_MEM), _isOpen(0) {};
      |                                                    ^~~~~~~~~~~~~~~~~~~~~~~~~~~~~~~~~~~~~~~~~~~~~~~~~~~~   ~~~~~~~~~
      |                                                    _isOpen(0                                              _memPolicy(MemoryControl::AllocationPolicy::HOST_MEM
./Tallies.hh:251:25: note: in instantiation of member function 'qs_vector<ScalarFluxTask>::qs_vector' requested here
  251 |    ScalarFluxDomain() : _task() {}
      |                         ^
In file included from PopulationControl.cc:4:
In file included from ./MonteCarlo.hh:6:
./QS_Vector.hh:35:58: warning: field '_memPolicy' will be initialized after field '_isOpen' [-Wreorder-ctor]
   35 |    : _data(0), _capacity(aa._capacity), _size(aa._size), _memPolicy(aa._memPolicy), _isOpen(aa._isOpen)
      |                                                          ^~~~~~~~~~~~~~~~~~~~~~~~   ~~~~~~~~~~~~~~~~~~
      |                                                          _isOpen(aa._isOpen         _memPolicy(aa._memPolicy
./QS_Vector.hh:63:23: note: in instantiation of member function 'qs_vector<ScalarFluxCell>::qs_vector' requested here
   63 |          qs_vector<T> temp(aa);
      |                       ^
./Tallies.hh:169:7: note: in instantiation of member function 'qs_vector<ScalarFluxCell>::operator=' requested here
  169 | class ScalarFluxTask
      |       ^
./Tallies.hh:263:17: note: in instantiation of member function 'qs_vector<ScalarFluxTask>::push_back' requested here
  263 |           _task.push_back(ScalarFluxTask(domain, numGroups));
      |                 ^
In file included from PopulationControl.cc:4:
In file included from ./MonteCarlo.hh:6:
./QS_Vector.hh:16:52: warning: field '_memPolicy' will be initialized after field '_isOpen' [-Wreorder-ctor]
   16 |    qs_vector() : _data(0), _capacity(0), _size(0), _memPolicy(MemoryControl::AllocationPolicy::HOST_MEM), _isOpen(0) {};
      |                                                    ^~~~~~~~~~~~~~~~~~~~~~~~~~~~~~~~~~~~~~~~~~~~~~~~~~~~   ~~~~~~~~~
      |                                                    _isOpen(0                                              _memPolicy(MemoryControl::AllocationPolicy::HOST_MEM
./Tallies.hh:314:31: note: in instantiation of member function 'qs_vector<Balance>::qs_vector' requested here
  314 |       : _balanceCumulative(), _balanceTask(),
      |                               ^
In file included from PopulationControl.cc:4:
In file included from ./MonteCarlo.hh:6:
./QS_Vector.hh:16:52: warning: field '_memPolicy' will be initialized after field '_isOpen' [-Wreorder-ctor]
   16 |    qs_vector() : _data(0), _capacity(0), _size(0), _memPolicy(MemoryControl::AllocationPolicy::HOST_MEM), _isOpen(0) {};
      |                                                    ^~~~~~~~~~~~~~~~~~~~~~~~~~~~~~~~~~~~~~~~~~~~~~~~~~~~   ~~~~~~~~~
      |                                                    _isOpen(0                                              _memPolicy(MemoryControl::AllocationPolicy::HOST_MEM
./Tallies.hh:315:9: note: in instantiation of member function 'qs_vector<ScalarFluxDomain>::qs_vector' requested here
  315 |         _scalarFluxDomain(), _num_balance_replications(balRep), 
      |         ^
In file included from PopulationControl.cc:4:
In file included from ./MonteCarlo.hh:6:
./QS_Vector.hh:16:52: warning: field '_memPolicy' will be initialized after field '_isOpen' [-Wreorder-ctor]
   16 |    qs_vector() : _data(0), _capacity(0), _size(0), _memPolicy(MemoryControl::AllocationPolicy::HOST_MEM), _isOpen(0) {};
      |                                                    ^~~~~~~~~~~~~~~~~~~~~~~~~~~~~~~~~~~~~~~~~~~~~~~~~~~~   ~~~~~~~~~
      |                                                    _isOpen(0                                              _memPolicy(MemoryControl::AllocationPolicy::HOST_MEM
./Tallies.hh:313:5: note: in instantiation of member function 'qs_vector<CellTallyDomain>::qs_vector' requested here
  313 |     Tallies( int balRep, int fluxRep, int cellRep, std::string spectrumName, int spectrumSize )
      |     ^
20 warnings generated.
clang++ -DQS_LD  -std=c++11 -g -O0 -include cstdint -Wformat -Wall -c SendQueue.cc -o SendQueue.o
In file included from SendQueue.cc:1:
In file included from ./SendQueue.hh:4:
./QS_Vector.hh:16:52: warning: field '_memPolicy' will be initialized after field '_isOpen' [-Wreorder-ctor]
   16 |    qs_vector() : _data(0), _capacity(0), _size(0), _memPolicy(MemoryControl::AllocationPolicy::HOST_MEM), _isOpen(0) {};
      |                                                    ^~~~~~~~~~~~~~~~~~~~~~~~~~~~~~~~~~~~~~~~~~~~~~~~~~~~   ~~~~~~~~~
      |                                                    _isOpen(0                                              _memPolicy(MemoryControl::AllocationPolicy::HOST_MEM
SendQueue.cc:4:12: note: in instantiation of member function 'qs_vector<sendQueueTuple>::qs_vector' requested here
    4 | SendQueue::SendQueue()
      |            ^
In file included from SendQueue.cc:1:
In file included from ./SendQueue.hh:4:
./QS_Vector.hh:19:46: warning: field '_memPolicy' will be initialized after field '_isOpen' [-Wreorder-ctor]
   19 |    : _data(0), _capacity(size), _size(size), _memPolicy(memPolicy), _isOpen(0) 
      |                                              ^~~~~~~~~~~~~~~~~~~~   ~~~~~~~~~
      |                                              _isOpen(0              _memPolicy(memPolicy
SendQueue.cc:8:3: note: in instantiation of member function 'qs_vector<sendQueueTuple>::qs_vector' requested here
    8 | : _data( size, VAR_MEM )
      |   ^
2 warnings generated.
clang++ -DQS_LD  -std=c++11 -g -O0 -include cstdint -Wformat -Wall -c SharedMemoryCommObject.cc -o SharedMemoryCommObject.o
In file included from SharedMemoryCommObject.cc:1:
In file included from ./SharedMemoryCommObject.hh:4:
In file included from ./CommObject.hh:9:
./FacetPair.hh:14:6: warning: initializer order does not match the declaration order [-Wreorder-ctor]
   14 |      _cellIndex1(location1.cell),
      |      ^~~~~~~~~~~~~~~~~~~~~~~~~~~
      |      _facetIndex1(location1.facet)
   15 |      _facetIndex1(location1.facet),
      |      ~~~~~~~~~~~~~~~~~~~~~~~~~~~~~
      |      _cellIndex1(location1.cell)
   16 |      _domainGid2(domainGid2),
   17 |      _domainIndex2(location2.domain),
   18 |      _cellIndex2(location2.cell),
      |      ~~~~~~~~~~~~~~~~~~~~~~~~~~~
      |      _facetIndex2(location2.facet)
   19 |      _facetIndex2(location2.facet)
      |      ~~~~~~~~~~~~~~~~~~~~~~~~~~~~~
      |      _cellIndex2(location2.cell)
./FacetPair.hh:14:6: note: field '_cellIndex1' will be initialized after field '_facetIndex1'
   14 |      _cellIndex1(location1.cell),
      |      ^~~~~~~~~~~~~~~~~~~~~~~~~~~
./FacetPair.hh:18:6: note: field '_cellIndex2' will be initialized after field '_facetIndex2'
   18 |      _cellIndex2(location2.cell),
      |      ^~~~~~~~~~~~~~~~~~~~~~~~~~~
1 warning generated.
clang++ -DQS_LD  -std=c++11 -g -O0 -include cstdint -Wformat -Wall -c Tallies.cc -o Tallies.o
In file included from Tallies.cc:1:
In file included from ./Tallies.hh:13:
In file included from ./MonteCarlo.hh:8:
./Parameters.hh:104:6: warning: field 'boundaryCondition' will be initialized after field 'energySpectrum' [-Wreorder-ctor]
  103 |      crossSectionsOut(""),
      |      ~~~~~~~~~~~~~~~~~~~~
      |      energySpectrum("")
  104 |      boundaryCondition("reflect"),
      |      ^~~~~~~~~~~~~~~~~~~~~~~~~~~~
      |      crossSectionsOut("")
  105 |      energySpectrum(""),
      |      ~~~~~~~~~~~~~~~~~~
      |      boundaryCondition("reflect")
./Parameters.hh:171:1: warning: 'Parameters' defined as a struct here but previously declared as a class; this is valid, but may result in linker errors under the Microsoft C++ ABI [-Wmismatched-tags]
  171 | struct Parameters
      | ^
./MC_Domain.hh:14:1: note: did you mean struct here?
   14 | class Parameters;
      | ^~~~~
      | struct
In file included from Tallies.cc:1:
./Tallies.hh:316:42: warning: field '_num_cellTally_replications' will be initialized after field '_spectrum' [-Wreorder-ctor]
  315 |         _scalarFluxDomain(), _num_balance_replications(balRep), 
      |                              ~~~~~~~~~~~~~~~~~~~~~~~~~~~~~~~~~
      |                              _spectrum(spectrumName, spectrumSize)
  316 |         _num_flux_replications(fluxRep), _num_cellTally_replications(cellRep), 
      |         ~~~~~~~~~~~~~~~~~~~~~~~~~~~~~~~  ^~~~~~~~~~~~~~~~~~~~~~~~~~~~~~~~~~~~
      |         _num_balance_replications(balRep)_num_flux_replications(fluxRep)
  317 |         _spectrum(spectrumName, spectrumSize)
      |         ~~~~~~~~~~~~~~~~~~~~~~~~~~~~~~~~~~~~~
      |         _num_cellTally_replications(cellRep)
In file included from Tallies.cc:5:
./MC_Processor_Info.hh:18:7: warning: field 'comm_mc_world' will be initialized after field 'use_gpu' [-Wreorder-ctor]
   18 |     : comm_mc_world(MPI_COMM_WORLD),
      |       ^~~~~~~~~~~~~~~~~~~~~~~~~~~~~
      |       use_gpu(0)
   19 |       use_gpu(0),
      |       ~~~~~~~~~~
      |       gpu_id(0)
   20 |       gpu_id(0)
      |       ~~~~~~~~~
      |       comm_mc_world(MPI_COMM_WORLD)
In file included from Tallies.cc:1:
In file included from ./Tallies.hh:7:
./QS_Vector.hh:16:52: warning: field '_memPolicy' will be initialized after field '_isOpen' [-Wreorder-ctor]
   16 |    qs_vector() : _data(0), _capacity(0), _size(0), _memPolicy(MemoryControl::AllocationPolicy::HOST_MEM), _isOpen(0) {};
      |                                                    ^~~~~~~~~~~~~~~~~~~~~~~~~~~~~~~~~~~~~~~~~~~~~~~~~~~~   ~~~~~~~~~
      |                                                    _isOpen(0                                              _memPolicy(MemoryControl::AllocationPolicy::HOST_MEM
./NuclearData.hh:44:4: note: in instantiation of member function 'qs_vector<long double>::qs_vector' requested here
   44 |    NuclearDataReaction(){};
      |    ^
In file included from Tallies.cc:1:
In file included from ./Tallies.hh:7:
./QS_Vector.hh:19:46: warning: field '_memPolicy' will be initialized after field '_isOpen' [-Wreorder-ctor]
   19 |    : _data(0), _capacity(size), _size(size), _memPolicy(memPolicy), _isOpen(0) 
      |                                              ^~~~~~~~~~~~~~~~~~~~   ~~~~~~~~~
      |                                              _isOpen(0              _memPolicy(memPolicy
./NuclearData.hh:80:6: note: in instantiation of member function 'qs_vector<NuclearDataSpecies>::qs_vector' requested here
   80 |    : _species(1,VAR_MEM){}
      |      ^
In file included from Tallies.cc:1:
In file included from ./Tallies.hh:7:
./QS_Vector.hh:16:52: warning: field '_memPolicy' will be initialized after field '_isOpen' [-Wreorder-ctor]
   16 |    qs_vector() : _data(0), _capacity(0), _size(0), _memPolicy(MemoryControl::AllocationPolicy::HOST_MEM), _isOpen(0) {};
      |                                                    ^~~~~~~~~~~~~~~~~~~~~~~~~~~~~~~~~~~~~~~~~~~~~~~~~~~~   ~~~~~~~~~
      |                                                    _isOpen(0                                              _memPolicy(MemoryControl::AllocationPolicy::HOST_MEM
./NuclearData.hh:64:7: note: in instantiation of member function 'qs_vector<NuclearDataReaction>::qs_vector' requested here
   64 | class NuclearDataSpecies
      |       ^
./QS_Vector.hh:21:30: note: in instantiation of function template specialization 'MemoryControl::allocate<NuclearDataSpecies>' requested here
   21 |       _data = MemoryControl::allocate<T>(size, memPolicy);
      |                              ^
./NuclearData.hh:80:6: note: in instantiation of member function 'qs_vector<NuclearDataSpecies>::qs_vector' requested here
   80 |    : _species(1,VAR_MEM){}
      |      ^
In file included from Tallies.cc:1:
In file included from ./Tallies.hh:7:
./QS_Vector.hh:16:52: warning: field '_memPolicy' will be initialized after field '_isOpen' [-Wreorder-ctor]
   16 |    qs_vector() : _data(0), _capacity(0), _size(0), _memPolicy(MemoryControl::AllocationPolicy::HOST_MEM), _isOpen(0) {};
      |                                                    ^~~~~~~~~~~~~~~~~~~~~~~~~~~~~~~~~~~~~~~~~~~~~~~~~~~~   ~~~~~~~~~
      |                                                    _isOpen(0                                              _memPolicy(MemoryControl::AllocationPolicy::HOST_MEM
./MC_Domain.hh:46:4: note: in instantiation of member function 'qs_vector<int>::qs_vector' requested here
   46 |    MC_Mesh_Domain(){};
      |    ^
In file included from Tallies.cc:1:
In file included from ./Tallies.hh:7:
./QS_Vector.hh:16:52: warning: field '_memPolicy' will be initialized after field '_isOpen' [-Wreorder-ctor]
   16 |    qs_vector() : _data(0), _capacity(0), _size(0), _memPolicy(MemoryControl::AllocationPolicy::HOST_MEM), _isOpen(0) {};
      |                                                    ^~~~~~~~~~~~~~~~~~~~~~~~~~~~~~~~~~~~~~~~~~~~~~~~~~~~   ~~~~~~~~~
      |                                                    _isOpen(0                                              _memPolicy(MemoryControl::AllocationPolicy::HOST_MEM
./MC_Domain.hh:46:4: note: in instantiation of member function 'qs_vector<MC_Vector>::qs_vector' requested here
   46 |    MC_Mesh_Domain(){};
      |    ^
In file included from Tallies.cc:1:
In file included from ./Tallies.hh:7:
./QS_Vector.hh:16:52: warning: field '_memPolicy' will be initialized after field '_isOpen' [-Wreorder-ctor]
   16 |    qs_vector() : _data(0), _capacity(0), _size(0), _memPolicy(MemoryControl::AllocationPolicy::HOST_MEM), _isOpen(0) {};
      |                                                    ^~~~~~~~~~~~~~~~~~~~~~~~~~~~~~~~~~~~~~~~~~~~~~~~~~~~   ~~~~~~~~~
      |                                                    _isOpen(0                                              _memPolicy(MemoryControl::AllocationPolicy::HOST_MEM
./MC_Domain.hh:46:4: note: in instantiation of member function 'qs_vector<MC_Facet_Adjacency_Cell>::qs_vector' requested here
   46 |    MC_Mesh_Domain(){};
      |    ^
In file included from Tallies.cc:1:
In file included from ./Tallies.hh:7:
./QS_Vector.hh:16:52: warning: field '_memPolicy' will be initialized after field '_isOpen' [-Wreorder-ctor]
   16 |    qs_vector() : _data(0), _capacity(0), _size(0), _memPolicy(MemoryControl::AllocationPolicy::HOST_MEM), _isOpen(0) {};
      |                                                    ^~~~~~~~~~~~~~~~~~~~~~~~~~~~~~~~~~~~~~~~~~~~~~~~~~~~   ~~~~~~~~~
      |                                                    _isOpen(0                                              _memPolicy(MemoryControl::AllocationPolicy::HOST_MEM
./MC_Domain.hh:46:4: note: in instantiation of member function 'qs_vector<MC_Facet_Geometry_Cell>::qs_vector' requested here
   46 |    MC_Mesh_Domain(){};
      |    ^
In file included from Tallies.cc:1:
In file included from ./Tallies.hh:7:
./QS_Vector.hh:16:52: warning: field '_memPolicy' will be initialized after field '_isOpen' [-Wreorder-ctor]
   16 |    qs_vector() : _data(0), _capacity(0), _size(0), _memPolicy(MemoryControl::AllocationPolicy::HOST_MEM), _isOpen(0) {};
      |                                                    ^~~~~~~~~~~~~~~~~~~~~~~~~~~~~~~~~~~~~~~~~~~~~~~~~~~~   ~~~~~~~~~
      |                                                    _isOpen(0                                              _memPolicy(MemoryControl::AllocationPolicy::HOST_MEM
./MC_Domain.hh:73:5: note: in instantiation of member function 'qs_vector<MC_Cell_State>::qs_vector' requested here
   73 |     MC_Domain(){};
      |     ^
In file included from Tallies.cc:1:
In file included from ./Tallies.hh:7:
./QS_Vector.hh:16:52: warning: field '_memPolicy' will be initialized after field '_isOpen' [-Wreorder-ctor]
   16 |    qs_vector() : _data(0), _capacity(0), _size(0), _memPolicy(MemoryControl::AllocationPolicy::HOST_MEM), _isOpen(0) {};
      |                                                    ^~~~~~~~~~~~~~~~~~~~~~~~~~~~~~~~~~~~~~~~~~~~~~~~~~~~   ~~~~~~~~~
      |                                                    _isOpen(0                                              _memPolicy(MemoryControl::AllocationPolicy::HOST_MEM
./Tallies.hh:175:23: note: in instantiation of member function 'qs_vector<ScalarFluxCell>::qs_vector' requested here
  175 |    ScalarFluxTask() : _cell() {}
      |                       ^
In file included from Tallies.cc:1:
In file included from ./Tallies.hh:7:
./QS_Vector.hh:16:52: warning: field '_memPolicy' will be initialized after field '_isOpen' [-Wreorder-ctor]
   16 |    qs_vector() : _data(0), _capacity(0), _size(0), _memPolicy(MemoryControl::AllocationPolicy::HOST_MEM), _isOpen(0) {};
      |                                                    ^~~~~~~~~~~~~~~~~~~~~~~~~~~~~~~~~~~~~~~~~~~~~~~~~~~~   ~~~~~~~~~
      |                                                    _isOpen(0                                              _memPolicy(MemoryControl::AllocationPolicy::HOST_MEM
./Tallies.hh:226:24: note: in instantiation of member function 'qs_vector<CellTallyTask>::qs_vector' requested here
  226 |    CellTallyDomain() : _task() {}
      |                        ^
In file included from Tallies.cc:1:
In file included from ./Tallies.hh:7:
./QS_Vector.hh:35:58: warning: field '_memPolicy' will be initialized after field '_isOpen' [-Wreorder-ctor]
   35 |    : _data(0), _capacity(aa._capacity), _size(aa._size), _memPolicy(aa._memPolicy), _isOpen(aa._isOpen)
      |                                                          ^~~~~~~~~~~~~~~~~~~~~~~~   ~~~~~~~~~~~~~~~~~~
      |                                                          _isOpen(aa._isOpen         _memPolicy(aa._memPolicy
./QS_Vector.hh:63:23: note: in instantiation of member function 'qs_vector<long double>::qs_vector' requested here
   63 |          qs_vector<T> temp(aa);
      |                       ^
./Tallies.hh:128:7: note: in instantiation of member function 'qs_vector<long double>::operator=' requested here
  128 | class CellTallyTask
      |       ^
./Tallies.hh:238:17: note: in instantiation of member function 'qs_vector<CellTallyTask>::push_back' requested here
  238 |           _task.push_back(CellTallyTask(domain));
      |                 ^
In file included from Tallies.cc:1:
In file included from ./Tallies.hh:7:
./QS_Vector.hh:16:52: warning: field '_memPolicy' will be initialized after field '_isOpen' [-Wreorder-ctor]
   16 |    qs_vector() : _data(0), _capacity(0), _size(0), _memPolicy(MemoryControl::AllocationPolicy::HOST_MEM), _isOpen(0) {};
      |                                                    ^~~~~~~~~~~~~~~~~~~~~~~~~~~~~~~~~~~~~~~~~~~~~~~~~~~~   ~~~~~~~~~
      |                                                    _isOpen(0                                              _memPolicy(MemoryControl::AllocationPolicy::HOST_MEM
./Tallies.hh:251:25: note: in instantiation of member function 'qs_vector<ScalarFluxTask>::qs_vector' requested here
  251 |    ScalarFluxDomain() : _task() {}
      |                         ^
In file included from Tallies.cc:1:
In file included from ./Tallies.hh:7:
./QS_Vector.hh:35:58: warning: field '_memPolicy' will be initialized after field '_isOpen' [-Wreorder-ctor]
   35 |    : _data(0), _capacity(aa._capacity), _size(aa._size), _memPolicy(aa._memPolicy), _isOpen(aa._isOpen)
      |                                                          ^~~~~~~~~~~~~~~~~~~~~~~~   ~~~~~~~~~~~~~~~~~~
      |                                                          _isOpen(aa._isOpen         _memPolicy(aa._memPolicy
./QS_Vector.hh:63:23: note: in instantiation of member function 'qs_vector<ScalarFluxCell>::qs_vector' requested here
   63 |          qs_vector<T> temp(aa);
      |                       ^
./Tallies.hh:169:7: note: in instantiation of member function 'qs_vector<ScalarFluxCell>::operator=' requested here
  169 | class ScalarFluxTask
      |       ^
./Tallies.hh:263:17: note: in instantiation of member function 'qs_vector<ScalarFluxTask>::push_back' requested here
  263 |           _task.push_back(ScalarFluxTask(domain, numGroups));
      |                 ^
In file included from Tallies.cc:1:
In file included from ./Tallies.hh:7:
./QS_Vector.hh:16:52: warning: field '_memPolicy' will be initialized after field '_isOpen' [-Wreorder-ctor]
   16 |    qs_vector() : _data(0), _capacity(0), _size(0), _memPolicy(MemoryControl::AllocationPolicy::HOST_MEM), _isOpen(0) {};
      |                                                    ^~~~~~~~~~~~~~~~~~~~~~~~~~~~~~~~~~~~~~~~~~~~~~~~~~~~   ~~~~~~~~~
      |                                                    _isOpen(0                                              _memPolicy(MemoryControl::AllocationPolicy::HOST_MEM
./Tallies.hh:314:31: note: in instantiation of member function 'qs_vector<Balance>::qs_vector' requested here
  314 |       : _balanceCumulative(), _balanceTask(),
      |                               ^
In file included from Tallies.cc:1:
In file included from ./Tallies.hh:7:
./QS_Vector.hh:16:52: warning: field '_memPolicy' will be initialized after field '_isOpen' [-Wreorder-ctor]
   16 |    qs_vector() : _data(0), _capacity(0), _size(0), _memPolicy(MemoryControl::AllocationPolicy::HOST_MEM), _isOpen(0) {};
      |                                                    ^~~~~~~~~~~~~~~~~~~~~~~~~~~~~~~~~~~~~~~~~~~~~~~~~~~~   ~~~~~~~~~
      |                                                    _isOpen(0                                              _memPolicy(MemoryControl::AllocationPolicy::HOST_MEM
./Tallies.hh:315:9: note: in instantiation of member function 'qs_vector<ScalarFluxDomain>::qs_vector' requested here
  315 |         _scalarFluxDomain(), _num_balance_replications(balRep), 
      |         ^
In file included from Tallies.cc:1:
In file included from ./Tallies.hh:7:
./QS_Vector.hh:16:52: warning: field '_memPolicy' will be initialized after field '_isOpen' [-Wreorder-ctor]
   16 |    qs_vector() : _data(0), _capacity(0), _size(0), _memPolicy(MemoryControl::AllocationPolicy::HOST_MEM), _isOpen(0) {};
      |                                                    ^~~~~~~~~~~~~~~~~~~~~~~~~~~~~~~~~~~~~~~~~~~~~~~~~~~~   ~~~~~~~~~
      |                                                    _isOpen(0                                              _memPolicy(MemoryControl::AllocationPolicy::HOST_MEM
./Tallies.hh:313:5: note: in instantiation of member function 'qs_vector<CellTallyDomain>::qs_vector' requested here
  313 |     Tallies( int balRep, int fluxRep, int cellRep, std::string spectrumName, int spectrumSize )
      |     ^
In file included from Tallies.cc:1:
In file included from ./Tallies.hh:7:
./QS_Vector.hh:35:58: warning: field '_memPolicy' will be initialized after field '_isOpen' [-Wreorder-ctor]
   35 |    : _data(0), _capacity(aa._capacity), _size(aa._size), _memPolicy(aa._memPolicy), _isOpen(aa._isOpen)
      |                                                          ^~~~~~~~~~~~~~~~~~~~~~~~   ~~~~~~~~~~~~~~~~~~
      |                                                          _isOpen(aa._isOpen         _memPolicy(aa._memPolicy
./QS_Vector.hh:63:23: note: in instantiation of member function 'qs_vector<CellTallyTask>::qs_vector' requested here
   63 |          qs_vector<T> temp(aa);
      |                       ^
./Tallies.hh:221:7: note: in instantiation of member function 'qs_vector<CellTallyTask>::operator=' requested here
  221 | class CellTallyDomain
      |       ^
Tallies.cc:217:30: note: in instantiation of member function 'qs_vector<CellTallyDomain>::push_back' requested here
  217 |             _cellTallyDomain.push_back(CellTallyDomain(&monteCarlo->domain[domainIndex],
      |                              ^
In file included from Tallies.cc:1:
In file included from ./Tallies.hh:7:
./QS_Vector.hh:35:58: warning: field '_memPolicy' will be initialized after field '_isOpen' [-Wreorder-ctor]
   35 |    : _data(0), _capacity(aa._capacity), _size(aa._size), _memPolicy(aa._memPolicy), _isOpen(aa._isOpen)
      |                                                          ^~~~~~~~~~~~~~~~~~~~~~~~   ~~~~~~~~~~~~~~~~~~
      |                                                          _isOpen(aa._isOpen         _memPolicy(aa._memPolicy
./QS_Vector.hh:63:23: note: in instantiation of member function 'qs_vector<ScalarFluxTask>::qs_vector' requested here
   63 |          qs_vector<T> temp(aa);
      |                       ^
./Tallies.hh:246:7: note: in instantiation of member function 'qs_vector<ScalarFluxTask>::operator=' requested here
  246 | class ScalarFluxDomain
      |       ^
Tallies.cc:233:31: note: in instantiation of member function 'qs_vector<ScalarFluxDomain>::push_back' requested here
  233 |             _scalarFluxDomain.push_back(ScalarFluxDomain(&monteCarlo->domain[domainIndex],
      |                               ^
22 warnings generated.
clang++ -DQS_LD  -std=c++11 -g -O0 -include cstdint -Wformat -Wall -c cmdLineParser.cc -o cmdLineParser.o
In file included from cmdLineParser.cc:18:
./memUtils.hh:9:14: warning: unused function 'qsMalloc' [-Wunused-function]
    9 | static void* qsMalloc(size_t iSize)
      |              ^~~~~~~~
./memUtils.hh:19:14: warning: unused function 'qsRealloc' [-Wunused-function]
   19 | static void* qsRealloc(void* ptr, size_t iSize)
      |              ^~~~~~~~~
2 warnings generated.
clang++ -DQS_LD  -std=c++11 -g -O0 -include cstdint -Wformat -Wall -c cudaFunctions.cc -o cudaFunctions.o
clang++ -DQS_LD  -std=c++11 -g -O0 -include cstdint -Wformat -Wall -c initMC.cc -o initMC.o
In file included from initMC.cc:10:
In file included from ./MonteCarlo.hh:8:
./Parameters.hh:104:6: warning: field 'boundaryCondition' will be initialized after field 'energySpectrum' [-Wreorder-ctor]
  103 |      crossSectionsOut(""),
      |      ~~~~~~~~~~~~~~~~~~~~
      |      energySpectrum("")
  104 |      boundaryCondition("reflect"),
      |      ^~~~~~~~~~~~~~~~~~~~~~~~~~~~
      |      crossSectionsOut("")
  105 |      energySpectrum(""),
      |      ~~~~~~~~~~~~~~~~~~
      |      boundaryCondition("reflect")
./Parameters.hh:171:1: warning: 'Parameters' defined as a struct here but previously declared as a class; this is valid, but may result in linker errors under the Microsoft C++ ABI [-Wmismatched-tags]
  171 | struct Parameters
      | ^
./MC_Domain.hh:14:1: note: did you mean struct here?
   14 | class Parameters;
      | ^~~~~
      | struct
./initMC.hh:4:1: note: did you mean struct here?
    4 | class Parameters;
      | ^~~~~
      | struct
In file included from initMC.cc:11:
./MC_Processor_Info.hh:18:7: warning: field 'comm_mc_world' will be initialized after field 'use_gpu' [-Wreorder-ctor]
   18 |     : comm_mc_world(MPI_COMM_WORLD),
      |       ^~~~~~~~~~~~~~~~~~~~~~~~~~~~~
      |       use_gpu(0)
   19 |       use_gpu(0),
      |       ~~~~~~~~~~
      |       gpu_id(0)
   20 |       gpu_id(0)
      |       ~~~~~~~~~
      |       comm_mc_world(MPI_COMM_WORLD)
In file included from initMC.cc:15:
In file included from ./CommObject.hh:9:
./FacetPair.hh:14:6: warning: initializer order does not match the declaration order [-Wreorder-ctor]
   14 |      _cellIndex1(location1.cell),
      |      ^~~~~~~~~~~~~~~~~~~~~~~~~~~
      |      _facetIndex1(location1.facet)
   15 |      _facetIndex1(location1.facet),
      |      ~~~~~~~~~~~~~~~~~~~~~~~~~~~~~
      |      _cellIndex1(location1.cell)
   16 |      _domainGid2(domainGid2),
   17 |      _domainIndex2(location2.domain),
   18 |      _cellIndex2(location2.cell),
      |      ~~~~~~~~~~~~~~~~~~~~~~~~~~~
      |      _facetIndex2(location2.facet)
   19 |      _facetIndex2(location2.facet)
      |      ~~~~~~~~~~~~~~~~~~~~~~~~~~~~~
      |      _cellIndex2(location2.cell)
./FacetPair.hh:14:6: note: field '_cellIndex1' will be initialized after field '_facetIndex1'
   14 |      _cellIndex1(location1.cell),
      |      ^~~~~~~~~~~~~~~~~~~~~~~~~~~
./FacetPair.hh:18:6: note: field '_cellIndex2' will be initialized after field '_facetIndex2'
   18 |      _cellIndex2(location2.cell),
      |      ^~~~~~~~~~~~~~~~~~~~~~~~~~~
In file included from initMC.cc:22:
./Tallies.hh:316:42: warning: field '_num_cellTally_replications' will be initialized after field '_spectrum' [-Wreorder-ctor]
  315 |         _scalarFluxDomain(), _num_balance_replications(balRep), 
      |                              ~~~~~~~~~~~~~~~~~~~~~~~~~~~~~~~~~
      |                              _spectrum(spectrumName, spectrumSize)
  316 |         _num_flux_replications(fluxRep), _num_cellTally_replications(cellRep), 
      |         ~~~~~~~~~~~~~~~~~~~~~~~~~~~~~~~  ^~~~~~~~~~~~~~~~~~~~~~~~~~~~~~~~~~~~
      |         _num_balance_replications(balRep)_num_flux_replications(fluxRep)
  317 |         _spectrum(spectrumName, spectrumSize)
      |         ~~~~~~~~~~~~~~~~~~~~~~~~~~~~~~~~~~~~~
      |         _num_cellTally_replications(cellRep)
In file included from initMC.cc:8:
./QS_Vector.hh:16:52: warning: field '_memPolicy' will be initialized after field '_isOpen' [-Wreorder-ctor]
   16 |    qs_vector() : _data(0), _capacity(0), _size(0), _memPolicy(MemoryControl::AllocationPolicy::HOST_MEM), _isOpen(0) {};
      |                                                    ^~~~~~~~~~~~~~~~~~~~~~~~~~~~~~~~~~~~~~~~~~~~~~~~~~~~   ~~~~~~~~~
      |                                                    _isOpen(0                                              _memPolicy(MemoryControl::AllocationPolicy::HOST_MEM
./MC_Domain.hh:46:4: note: in instantiation of member function 'qs_vector<int>::qs_vector' requested here
   46 |    MC_Mesh_Domain(){};
      |    ^
In file included from initMC.cc:8:
./QS_Vector.hh:16:52: warning: field '_memPolicy' will be initialized after field '_isOpen' [-Wreorder-ctor]
   16 |    qs_vector() : _data(0), _capacity(0), _size(0), _memPolicy(MemoryControl::AllocationPolicy::HOST_MEM), _isOpen(0) {};
      |                                                    ^~~~~~~~~~~~~~~~~~~~~~~~~~~~~~~~~~~~~~~~~~~~~~~~~~~~   ~~~~~~~~~
      |                                                    _isOpen(0                                              _memPolicy(MemoryControl::AllocationPolicy::HOST_MEM
./MC_Domain.hh:46:4: note: in instantiation of member function 'qs_vector<MC_Vector>::qs_vector' requested here
   46 |    MC_Mesh_Domain(){};
      |    ^
In file included from initMC.cc:8:
./QS_Vector.hh:16:52: warning: field '_memPolicy' will be initialized after field '_isOpen' [-Wreorder-ctor]
   16 |    qs_vector() : _data(0), _capacity(0), _size(0), _memPolicy(MemoryControl::AllocationPolicy::HOST_MEM), _isOpen(0) {};
      |                                                    ^~~~~~~~~~~~~~~~~~~~~~~~~~~~~~~~~~~~~~~~~~~~~~~~~~~~   ~~~~~~~~~
      |                                                    _isOpen(0                                              _memPolicy(MemoryControl::AllocationPolicy::HOST_MEM
./MC_Domain.hh:46:4: note: in instantiation of member function 'qs_vector<MC_Facet_Adjacency_Cell>::qs_vector' requested here
   46 |    MC_Mesh_Domain(){};
      |    ^
In file included from initMC.cc:8:
./QS_Vector.hh:16:52: warning: field '_memPolicy' will be initialized after field '_isOpen' [-Wreorder-ctor]
   16 |    qs_vector() : _data(0), _capacity(0), _size(0), _memPolicy(MemoryControl::AllocationPolicy::HOST_MEM), _isOpen(0) {};
      |                                                    ^~~~~~~~~~~~~~~~~~~~~~~~~~~~~~~~~~~~~~~~~~~~~~~~~~~~   ~~~~~~~~~
      |                                                    _isOpen(0                                              _memPolicy(MemoryControl::AllocationPolicy::HOST_MEM
./MC_Domain.hh:46:4: note: in instantiation of member function 'qs_vector<MC_Facet_Geometry_Cell>::qs_vector' requested here
   46 |    MC_Mesh_Domain(){};
      |    ^
In file included from initMC.cc:8:
./QS_Vector.hh:16:52: warning: field '_memPolicy' will be initialized after field '_isOpen' [-Wreorder-ctor]
   16 |    qs_vector() : _data(0), _capacity(0), _size(0), _memPolicy(MemoryControl::AllocationPolicy::HOST_MEM), _isOpen(0) {};
      |                                                    ^~~~~~~~~~~~~~~~~~~~~~~~~~~~~~~~~~~~~~~~~~~~~~~~~~~~   ~~~~~~~~~
      |                                                    _isOpen(0                                              _memPolicy(MemoryControl::AllocationPolicy::HOST_MEM
./MC_Domain.hh:73:5: note: in instantiation of member function 'qs_vector<MC_Cell_State>::qs_vector' requested here
   73 |     MC_Domain(){};
      |     ^
In file included from initMC.cc:8:
./QS_Vector.hh:16:52: warning: field '_memPolicy' will be initialized after field '_isOpen' [-Wreorder-ctor]
   16 |    qs_vector() : _data(0), _capacity(0), _size(0), _memPolicy(MemoryControl::AllocationPolicy::HOST_MEM), _isOpen(0) {};
      |                                                    ^~~~~~~~~~~~~~~~~~~~~~~~~~~~~~~~~~~~~~~~~~~~~~~~~~~~   ~~~~~~~~~
      |                                                    _isOpen(0                                              _memPolicy(MemoryControl::AllocationPolicy::HOST_MEM
./NuclearData.hh:44:4: note: in instantiation of member function 'qs_vector<long double>::qs_vector' requested here
   44 |    NuclearDataReaction(){};
      |    ^
In file included from initMC.cc:8:
./QS_Vector.hh:19:46: warning: field '_memPolicy' will be initialized after field '_isOpen' [-Wreorder-ctor]
   19 |    : _data(0), _capacity(size), _size(size), _memPolicy(memPolicy), _isOpen(0) 
      |                                              ^~~~~~~~~~~~~~~~~~~~   ~~~~~~~~~
      |                                              _isOpen(0              _memPolicy(memPolicy
./NuclearData.hh:80:6: note: in instantiation of member function 'qs_vector<NuclearDataSpecies>::qs_vector' requested here
   80 |    : _species(1,VAR_MEM){}
      |      ^
In file included from initMC.cc:8:
./QS_Vector.hh:16:52: warning: field '_memPolicy' will be initialized after field '_isOpen' [-Wreorder-ctor]
   16 |    qs_vector() : _data(0), _capacity(0), _size(0), _memPolicy(MemoryControl::AllocationPolicy::HOST_MEM), _isOpen(0) {};
      |                                                    ^~~~~~~~~~~~~~~~~~~~~~~~~~~~~~~~~~~~~~~~~~~~~~~~~~~~   ~~~~~~~~~
      |                                                    _isOpen(0                                              _memPolicy(MemoryControl::AllocationPolicy::HOST_MEM
./NuclearData.hh:64:7: note: in instantiation of member function 'qs_vector<NuclearDataReaction>::qs_vector' requested here
   64 | class NuclearDataSpecies
      |       ^
./QS_Vector.hh:21:30: note: in instantiation of function template specialization 'MemoryControl::allocate<NuclearDataSpecies>' requested here
   21 |       _data = MemoryControl::allocate<T>(size, memPolicy);
      |                              ^
./NuclearData.hh:80:6: note: in instantiation of member function 'qs_vector<NuclearDataSpecies>::qs_vector' requested here
   80 |    : _species(1,VAR_MEM){}
      |      ^
In file included from initMC.cc:8:
./QS_Vector.hh:16:52: warning: field '_memPolicy' will be initialized after field '_isOpen' [-Wreorder-ctor]
   16 |    qs_vector() : _data(0), _capacity(0), _size(0), _memPolicy(MemoryControl::AllocationPolicy::HOST_MEM), _isOpen(0) {};
      |                                                    ^~~~~~~~~~~~~~~~~~~~~~~~~~~~~~~~~~~~~~~~~~~~~~~~~~~~   ~~~~~~~~~
      |                                                    _isOpen(0                                              _memPolicy(MemoryControl::AllocationPolicy::HOST_MEM
./MaterialDatabase.hh:37:4: note: in instantiation of member function 'qs_vector<Isotope>::qs_vector' requested here
   37 |    Material()
      |    ^
In file included from initMC.cc:8:
./QS_Vector.hh:35:58: warning: field '_memPolicy' will be initialized after field '_isOpen' [-Wreorder-ctor]
   35 |    : _data(0), _capacity(aa._capacity), _size(aa._size), _memPolicy(aa._memPolicy), _isOpen(aa._isOpen)
      |                                                          ^~~~~~~~~~~~~~~~~~~~~~~~   ~~~~~~~~~~~~~~~~~~
      |                                                          _isOpen(aa._isOpen         _memPolicy(aa._memPolicy
./QS_Vector.hh:63:23: note: in instantiation of member function 'qs_vector<Isotope>::qs_vector' requested here
   63 |          qs_vector<T> temp(aa);
      |                       ^
./MaterialDatabase.hh:30:7: note: in instantiation of member function 'qs_vector<Isotope>::operator=' requested here
   30 | class Material
      |       ^
./MaterialDatabase.hh:66:12: note: in instantiation of member function 'qs_vector<Material>::push_back' requested here
   66 |       _mat.push_back(material);
      |            ^
In file included from initMC.cc:8:
./QS_Vector.hh:16:52: warning: field '_memPolicy' will be initialized after field '_isOpen' [-Wreorder-ctor]
   16 |    qs_vector() : _data(0), _capacity(0), _size(0), _memPolicy(MemoryControl::AllocationPolicy::HOST_MEM), _isOpen(0) {};
      |                                                    ^~~~~~~~~~~~~~~~~~~~~~~~~~~~~~~~~~~~~~~~~~~~~~~~~~~~   ~~~~~~~~~
      |                                                    _isOpen(0                                              _memPolicy(MemoryControl::AllocationPolicy::HOST_MEM
./Tallies.hh:175:23: note: in instantiation of member function 'qs_vector<ScalarFluxCell>::qs_vector' requested here
  175 |    ScalarFluxTask() : _cell() {}
      |                       ^
In file included from initMC.cc:8:
./QS_Vector.hh:16:52: warning: field '_memPolicy' will be initialized after field '_isOpen' [-Wreorder-ctor]
   16 |    qs_vector() : _data(0), _capacity(0), _size(0), _memPolicy(MemoryControl::AllocationPolicy::HOST_MEM), _isOpen(0) {};
      |                                                    ^~~~~~~~~~~~~~~~~~~~~~~~~~~~~~~~~~~~~~~~~~~~~~~~~~~~   ~~~~~~~~~
      |                                                    _isOpen(0                                              _memPolicy(MemoryControl::AllocationPolicy::HOST_MEM
./Tallies.hh:226:24: note: in instantiation of member function 'qs_vector<CellTallyTask>::qs_vector' requested here
  226 |    CellTallyDomain() : _task() {}
      |                        ^
In file included from initMC.cc:8:
./QS_Vector.hh:35:58: warning: field '_memPolicy' will be initialized after field '_isOpen' [-Wreorder-ctor]
   35 |    : _data(0), _capacity(aa._capacity), _size(aa._size), _memPolicy(aa._memPolicy), _isOpen(aa._isOpen)
      |                                                          ^~~~~~~~~~~~~~~~~~~~~~~~   ~~~~~~~~~~~~~~~~~~
      |                                                          _isOpen(aa._isOpen         _memPolicy(aa._memPolicy
./QS_Vector.hh:63:23: note: in instantiation of member function 'qs_vector<long double>::qs_vector' requested here
   63 |          qs_vector<T> temp(aa);
      |                       ^
./Tallies.hh:128:7: note: in instantiation of member function 'qs_vector<long double>::operator=' requested here
  128 | class CellTallyTask
      |       ^
./Tallies.hh:238:17: note: in instantiation of member function 'qs_vector<CellTallyTask>::push_back' requested here
  238 |           _task.push_back(CellTallyTask(domain));
      |                 ^
In file included from initMC.cc:8:
./QS_Vector.hh:16:52: warning: field '_memPolicy' will be initialized after field '_isOpen' [-Wreorder-ctor]
   16 |    qs_vector() : _data(0), _capacity(0), _size(0), _memPolicy(MemoryControl::AllocationPolicy::HOST_MEM), _isOpen(0) {};
      |                                                    ^~~~~~~~~~~~~~~~~~~~~~~~~~~~~~~~~~~~~~~~~~~~~~~~~~~~   ~~~~~~~~~
      |                                                    _isOpen(0                                              _memPolicy(MemoryControl::AllocationPolicy::HOST_MEM
./Tallies.hh:251:25: note: in instantiation of member function 'qs_vector<ScalarFluxTask>::qs_vector' requested here
  251 |    ScalarFluxDomain() : _task() {}
      |                         ^
In file included from initMC.cc:8:
./QS_Vector.hh:35:58: warning: field '_memPolicy' will be initialized after field '_isOpen' [-Wreorder-ctor]
   35 |    : _data(0), _capacity(aa._capacity), _size(aa._size), _memPolicy(aa._memPolicy), _isOpen(aa._isOpen)
      |                                                          ^~~~~~~~~~~~~~~~~~~~~~~~   ~~~~~~~~~~~~~~~~~~
      |                                                          _isOpen(aa._isOpen         _memPolicy(aa._memPolicy
./QS_Vector.hh:63:23: note: in instantiation of member function 'qs_vector<ScalarFluxCell>::qs_vector' requested here
   63 |          qs_vector<T> temp(aa);
      |                       ^
./Tallies.hh:169:7: note: in instantiation of member function 'qs_vector<ScalarFluxCell>::operator=' requested here
  169 | class ScalarFluxTask
      |       ^
./Tallies.hh:263:17: note: in instantiation of member function 'qs_vector<ScalarFluxTask>::push_back' requested here
  263 |           _task.push_back(ScalarFluxTask(domain, numGroups));
      |                 ^
In file included from initMC.cc:8:
./QS_Vector.hh:16:52: warning: field '_memPolicy' will be initialized after field '_isOpen' [-Wreorder-ctor]
   16 |    qs_vector() : _data(0), _capacity(0), _size(0), _memPolicy(MemoryControl::AllocationPolicy::HOST_MEM), _isOpen(0) {};
      |                                                    ^~~~~~~~~~~~~~~~~~~~~~~~~~~~~~~~~~~~~~~~~~~~~~~~~~~~   ~~~~~~~~~
      |                                                    _isOpen(0                                              _memPolicy(MemoryControl::AllocationPolicy::HOST_MEM
./Tallies.hh:314:31: note: in instantiation of member function 'qs_vector<Balance>::qs_vector' requested here
  314 |       : _balanceCumulative(), _balanceTask(),
      |                               ^
In file included from initMC.cc:8:
./QS_Vector.hh:16:52: warning: field '_memPolicy' will be initialized after field '_isOpen' [-Wreorder-ctor]
   16 |    qs_vector() : _data(0), _capacity(0), _size(0), _memPolicy(MemoryControl::AllocationPolicy::HOST_MEM), _isOpen(0) {};
      |                                                    ^~~~~~~~~~~~~~~~~~~~~~~~~~~~~~~~~~~~~~~~~~~~~~~~~~~~   ~~~~~~~~~
      |                                                    _isOpen(0                                              _memPolicy(MemoryControl::AllocationPolicy::HOST_MEM
./Tallies.hh:315:9: note: in instantiation of member function 'qs_vector<ScalarFluxDomain>::qs_vector' requested here
  315 |         _scalarFluxDomain(), _num_balance_replications(balRep), 
      |         ^
In file included from initMC.cc:8:
./QS_Vector.hh:16:52: warning: field '_memPolicy' will be initialized after field '_isOpen' [-Wreorder-ctor]
   16 |    qs_vector() : _data(0), _capacity(0), _size(0), _memPolicy(MemoryControl::AllocationPolicy::HOST_MEM), _isOpen(0) {};
      |                                                    ^~~~~~~~~~~~~~~~~~~~~~~~~~~~~~~~~~~~~~~~~~~~~~~~~~~~   ~~~~~~~~~
      |                                                    _isOpen(0                                              _memPolicy(MemoryControl::AllocationPolicy::HOST_MEM
./Tallies.hh:313:5: note: in instantiation of member function 'qs_vector<CellTallyDomain>::qs_vector' requested here
  313 |     Tallies( int balRep, int fluxRep, int cellRep, std::string spectrumName, int spectrumSize )
      |     ^
In file included from initMC.cc:8:
./QS_Vector.hh:16:52: warning: field '_memPolicy' will be initialized after field '_isOpen' [-Wreorder-ctor]
   16 |    qs_vector() : _data(0), _capacity(0), _size(0), _memPolicy(MemoryControl::AllocationPolicy::HOST_MEM), _isOpen(0) {};
      |                                                    ^~~~~~~~~~~~~~~~~~~~~~~~~~~~~~~~~~~~~~~~~~~~~~~~~~~~   ~~~~~~~~~
      |                                                    _isOpen(0                                              _memPolicy(MemoryControl::AllocationPolicy::HOST_MEM
./MaterialDatabase.hh:59:7: note: in instantiation of member function 'qs_vector<Material>::qs_vector' requested here
   59 | class MaterialDatabase
      |       ^
In file included from initMC.cc:8:
./QS_Vector.hh:35:58: warning: field '_memPolicy' will be initialized after field '_isOpen' [-Wreorder-ctor]
   35 |    : _data(0), _capacity(aa._capacity), _size(aa._size), _memPolicy(aa._memPolicy), _isOpen(aa._isOpen)
      |                                                          ^~~~~~~~~~~~~~~~~~~~~~~~   ~~~~~~~~~~~~~~~~~~
      |                                                          _isOpen(aa._isOpen         _memPolicy(aa._memPolicy
./QS_Vector.hh:63:23: note: in instantiation of member function 'qs_vector<MC_Cell_State>::qs_vector' requested here
   63 |          qs_vector<T> temp(aa);
      |                       ^
./MC_Domain.hh:59:7: note: in instantiation of member function 'qs_vector<MC_Cell_State>::operator=' requested here
   59 | class MC_Domain
      |       ^
initMC.cc:311:29: note: in instantiation of member function 'qs_vector<MC_Domain>::push_back' requested here
  311 |          monteCarlo->domain.push_back(
      |                             ^
In file included from initMC.cc:8:
./QS_Vector.hh:35:58: warning: field '_memPolicy' will be initialized after field '_isOpen' [-Wreorder-ctor]
   35 |    : _data(0), _capacity(aa._capacity), _size(aa._size), _memPolicy(aa._memPolicy), _isOpen(aa._isOpen)
      |                                                          ^~~~~~~~~~~~~~~~~~~~~~~~   ~~~~~~~~~~~~~~~~~~
      |                                                          _isOpen(aa._isOpen         _memPolicy(aa._memPolicy
./QS_Vector.hh:63:23: note: in instantiation of member function 'qs_vector<int>::qs_vector' requested here
   63 |          qs_vector<T> temp(aa);
      |                       ^
./MC_Domain.hh:25:7: note: in instantiation of member function 'qs_vector<int>::operator=' requested here
   25 | class MC_Mesh_Domain
      |       ^
initMC.cc:311:29: note: in instantiation of member function 'qs_vector<MC_Domain>::push_back' requested here
  311 |          monteCarlo->domain.push_back(
      |                             ^
In file included from initMC.cc:8:
./QS_Vector.hh:35:58: warning: field '_memPolicy' will be initialized after field '_isOpen' [-Wreorder-ctor]
   35 |    : _data(0), _capacity(aa._capacity), _size(aa._size), _memPolicy(aa._memPolicy), _isOpen(aa._isOpen)
      |                                                          ^~~~~~~~~~~~~~~~~~~~~~~~   ~~~~~~~~~~~~~~~~~~
      |                                                          _isOpen(aa._isOpen         _memPolicy(aa._memPolicy
./QS_Vector.hh:63:23: note: in instantiation of member function 'qs_vector<MC_Vector>::qs_vector' requested here
   63 |          qs_vector<T> temp(aa);
      |                       ^
./MC_Domain.hh:25:7: note: in instantiation of member function 'qs_vector<MC_Vector>::operator=' requested here
   25 | class MC_Mesh_Domain
      |       ^
initMC.cc:311:29: note: in instantiation of member function 'qs_vector<MC_Domain>::push_back' requested here
  311 |          monteCarlo->domain.push_back(
      |                             ^
In file included from initMC.cc:8:
./QS_Vector.hh:35:58: warning: field '_memPolicy' will be initialized after field '_isOpen' [-Wreorder-ctor]
   35 |    : _data(0), _capacity(aa._capacity), _size(aa._size), _memPolicy(aa._memPolicy), _isOpen(aa._isOpen)
      |                                                          ^~~~~~~~~~~~~~~~~~~~~~~~   ~~~~~~~~~~~~~~~~~~
      |                                                          _isOpen(aa._isOpen         _memPolicy(aa._memPolicy
./QS_Vector.hh:63:23: note: in instantiation of member function 'qs_vector<MC_Facet_Adjacency_Cell>::qs_vector' requested here
   63 |          qs_vector<T> temp(aa);
      |                       ^
./MC_Domain.hh:25:7: note: in instantiation of member function 'qs_vector<MC_Facet_Adjacency_Cell>::operator=' requested here
   25 | class MC_Mesh_Domain
      |       ^
initMC.cc:311:29: note: in instantiation of member function 'qs_vector<MC_Domain>::push_back' requested here
  311 |          monteCarlo->domain.push_back(
      |                             ^
In file included from initMC.cc:8:
./QS_Vector.hh:35:58: warning: field '_memPolicy' will be initialized after field '_isOpen' [-Wreorder-ctor]
   35 |    : _data(0), _capacity(aa._capacity), _size(aa._size), _memPolicy(aa._memPolicy), _isOpen(aa._isOpen)
      |                                                          ^~~~~~~~~~~~~~~~~~~~~~~~   ~~~~~~~~~~~~~~~~~~
      |                                                          _isOpen(aa._isOpen         _memPolicy(aa._memPolicy
./QS_Vector.hh:63:23: note: in instantiation of member function 'qs_vector<MC_Facet_Geometry_Cell>::qs_vector' requested here
   63 |          qs_vector<T> temp(aa);
      |                       ^
./MC_Domain.hh:25:7: note: in instantiation of member function 'qs_vector<MC_Facet_Geometry_Cell>::operator=' requested here
   25 | class MC_Mesh_Domain
      |       ^
initMC.cc:311:29: note: in instantiation of member function 'qs_vector<MC_Domain>::push_back' requested here
  311 |          monteCarlo->domain.push_back(
      |                             ^
In file included from initMC.cc:13:
In file included from ./GlobalFccGrid.hh:7:
./TupleToIndex.hh:18:12: warning: private field 'nz_' is not used [-Wunused-private-field]
   18 |     Long64 nz_;
      |            ^
In file included from initMC.cc:13:
In file included from ./GlobalFccGrid.hh:8:
./IndexToTuple.hh:27:8: warning: private field 'nz_' is not used [-Wunused-private-field]
   27 |    int nz_;
      |        ^
In file included from initMC.cc:13:
In file included from ./GlobalFccGrid.hh:9:
./Tuple4ToIndex.hh:19:11: warning: private field 'nb_' is not used [-Wunused-private-field]
   19 |    Long64 nb_;
      |           ^
In file included from initMC.cc:13:
In file included from ./GlobalFccGrid.hh:10:
./IndexToTuple4.hh:30:8: warning: private field 'nb_' is not used [-Wunused-private-field]
   30 |    int nb_;
      |        ^
33 warnings generated.
clang++ -DQS_LD  -std=c++11 -g -O0 -include cstdint -Wformat -Wall -c main.cc -o main.o
In file included from main.cc:3:
./Parameters.hh:104:6: warning: field 'boundaryCondition' will be initialized after field 'energySpectrum' [-Wreorder-ctor]
  103 |      crossSectionsOut(""),
      |      ~~~~~~~~~~~~~~~~~~~~
      |      energySpectrum("")
  104 |      boundaryCondition("reflect"),
      |      ^~~~~~~~~~~~~~~~~~~~~~~~~~~~
      |      crossSectionsOut("")
  105 |      energySpectrum(""),
      |      ~~~~~~~~~~~~~~~~~~
      |      boundaryCondition("reflect")
In file included from main.cc:5:
In file included from ./MonteCarlo.hh:7:
./MC_Domain.hh:14:1: warning: class 'Parameters' was previously declared as a struct; this is valid, but may result in linker errors under the Microsoft C++ ABI [-Wmismatched-tags]
   14 | class Parameters;
      | ^
./Parameters.hh:171:8: note: previous use is here
  171 | struct Parameters
      |        ^
./MC_Domain.hh:14:1: note: did you mean struct here?
   14 | class Parameters;
      | ^~~~~
      | struct
In file included from main.cc:6:
./initMC.hh:4:1: warning: class 'Parameters' was previously declared as a class; this is valid, but may result in linker errors under the Microsoft C++ ABI [-Wmismatched-tags]
    4 | class Parameters;
      | ^
./Parameters.hh:171:8: note: previous use is here
  171 | struct Parameters
      |        ^
./initMC.hh:4:1: note: did you mean struct here?
    4 | class Parameters;
      | ^~~~~
      | struct
In file included from main.cc:7:
./Tallies.hh:316:42: warning: field '_num_cellTally_replications' will be initialized after field '_spectrum' [-Wreorder-ctor]
  315 |         _scalarFluxDomain(), _num_balance_replications(balRep), 
      |                              ~~~~~~~~~~~~~~~~~~~~~~~~~~~~~~~~~
      |                              _spectrum(spectrumName, spectrumSize)
  316 |         _num_flux_replications(fluxRep), _num_cellTally_replications(cellRep), 
      |         ~~~~~~~~~~~~~~~~~~~~~~~~~~~~~~~  ^~~~~~~~~~~~~~~~~~~~~~~~~~~~~~~~~~~~
      |         _num_balance_replications(balRep)_num_flux_replications(fluxRep)
  317 |         _spectrum(spectrumName, spectrumSize)
      |         ~~~~~~~~~~~~~~~~~~~~~~~~~~~~~~~~~~~~~
      |         _num_cellTally_replications(cellRep)
In file included from main.cc:11:
In file included from ./MC_Particle_Buffer.hh:6:
./MC_Processor_Info.hh:18:7: warning: field 'comm_mc_world' will be initialized after field 'use_gpu' [-Wreorder-ctor]
   18 |     : comm_mc_world(MPI_COMM_WORLD),
      |       ^~~~~~~~~~~~~~~~~~~~~~~~~~~~~
      |       use_gpu(0)
   19 |       use_gpu(0),
      |       ~~~~~~~~~~
      |       gpu_id(0)
   20 |       gpu_id(0)
      |       ~~~~~~~~~
      |       comm_mc_world(MPI_COMM_WORLD)
In file included from main.cc:23:
./CoralBenchmark.hh:5:1: warning: class 'Parameters' was previously declared as a class; this is valid, but may result in linker errors under the Microsoft C++ ABI [-Wmismatched-tags]
    5 | class Parameters;
      | ^
./Parameters.hh:171:8: note: previous use is here
  171 | struct Parameters
      |        ^
./CoralBenchmark.hh:5:1: note: did you mean struct here?
    5 | class Parameters;
      | ^~~~~
      | struct
main.cc:157:13: warning: variable 'particle_count' set but not used [-Wunused-but-set-variable]
  157 |         int particle_count = 0; // Initialize count of num_particles processed
      |             ^
In file included from main.cc:5:
In file included from ./MonteCarlo.hh:6:
./QS_Vector.hh:16:52: warning: field '_memPolicy' will be initialized after field '_isOpen' [-Wreorder-ctor]
   16 |    qs_vector() : _data(0), _capacity(0), _size(0), _memPolicy(MemoryControl::AllocationPolicy::HOST_MEM), _isOpen(0) {};
      |                                                    ^~~~~~~~~~~~~~~~~~~~~~~~~~~~~~~~~~~~~~~~~~~~~~~~~~~~   ~~~~~~~~~
      |                                                    _isOpen(0                                              _memPolicy(MemoryControl::AllocationPolicy::HOST_MEM
./MC_Domain.hh:46:4: note: in instantiation of member function 'qs_vector<int>::qs_vector' requested here
   46 |    MC_Mesh_Domain(){};
      |    ^
In file included from main.cc:5:
In file included from ./MonteCarlo.hh:6:
./QS_Vector.hh:16:52: warning: field '_memPolicy' will be initialized after field '_isOpen' [-Wreorder-ctor]
   16 |    qs_vector() : _data(0), _capacity(0), _size(0), _memPolicy(MemoryControl::AllocationPolicy::HOST_MEM), _isOpen(0) {};
      |                                                    ^~~~~~~~~~~~~~~~~~~~~~~~~~~~~~~~~~~~~~~~~~~~~~~~~~~~   ~~~~~~~~~
      |                                                    _isOpen(0                                              _memPolicy(MemoryControl::AllocationPolicy::HOST_MEM
./MC_Domain.hh:46:4: note: in instantiation of member function 'qs_vector<MC_Vector>::qs_vector' requested here
   46 |    MC_Mesh_Domain(){};
      |    ^
In file included from main.cc:5:
In file included from ./MonteCarlo.hh:6:
./QS_Vector.hh:16:52: warning: field '_memPolicy' will be initialized after field '_isOpen' [-Wreorder-ctor]
   16 |    qs_vector() : _data(0), _capacity(0), _size(0), _memPolicy(MemoryControl::AllocationPolicy::HOST_MEM), _isOpen(0) {};
      |                                                    ^~~~~~~~~~~~~~~~~~~~~~~~~~~~~~~~~~~~~~~~~~~~~~~~~~~~   ~~~~~~~~~
      |                                                    _isOpen(0                                              _memPolicy(MemoryControl::AllocationPolicy::HOST_MEM
./MC_Domain.hh:46:4: note: in instantiation of member function 'qs_vector<MC_Facet_Adjacency_Cell>::qs_vector' requested here
   46 |    MC_Mesh_Domain(){};
      |    ^
In file included from main.cc:5:
In file included from ./MonteCarlo.hh:6:
./QS_Vector.hh:16:52: warning: field '_memPolicy' will be initialized after field '_isOpen' [-Wreorder-ctor]
   16 |    qs_vector() : _data(0), _capacity(0), _size(0), _memPolicy(MemoryControl::AllocationPolicy::HOST_MEM), _isOpen(0) {};
      |                                                    ^~~~~~~~~~~~~~~~~~~~~~~~~~~~~~~~~~~~~~~~~~~~~~~~~~~~   ~~~~~~~~~
      |                                                    _isOpen(0                                              _memPolicy(MemoryControl::AllocationPolicy::HOST_MEM
./MC_Domain.hh:46:4: note: in instantiation of member function 'qs_vector<MC_Facet_Geometry_Cell>::qs_vector' requested here
   46 |    MC_Mesh_Domain(){};
      |    ^
In file included from main.cc:5:
In file included from ./MonteCarlo.hh:6:
./QS_Vector.hh:16:52: warning: field '_memPolicy' will be initialized after field '_isOpen' [-Wreorder-ctor]
   16 |    qs_vector() : _data(0), _capacity(0), _size(0), _memPolicy(MemoryControl::AllocationPolicy::HOST_MEM), _isOpen(0) {};
      |                                                    ^~~~~~~~~~~~~~~~~~~~~~~~~~~~~~~~~~~~~~~~~~~~~~~~~~~~   ~~~~~~~~~
      |                                                    _isOpen(0                                              _memPolicy(MemoryControl::AllocationPolicy::HOST_MEM
./MC_Domain.hh:73:5: note: in instantiation of member function 'qs_vector<MC_Cell_State>::qs_vector' requested here
   73 |     MC_Domain(){};
      |     ^
In file included from main.cc:5:
In file included from ./MonteCarlo.hh:6:
./QS_Vector.hh:16:52: warning: field '_memPolicy' will be initialized after field '_isOpen' [-Wreorder-ctor]
   16 |    qs_vector() : _data(0), _capacity(0), _size(0), _memPolicy(MemoryControl::AllocationPolicy::HOST_MEM), _isOpen(0) {};
      |                                                    ^~~~~~~~~~~~~~~~~~~~~~~~~~~~~~~~~~~~~~~~~~~~~~~~~~~~   ~~~~~~~~~
      |                                                    _isOpen(0                                              _memPolicy(MemoryControl::AllocationPolicy::HOST_MEM
./NuclearData.hh:44:4: note: in instantiation of member function 'qs_vector<long double>::qs_vector' requested here
   44 |    NuclearDataReaction(){};
      |    ^
In file included from main.cc:5:
In file included from ./MonteCarlo.hh:6:
./QS_Vector.hh:19:46: warning: field '_memPolicy' will be initialized after field '_isOpen' [-Wreorder-ctor]
   19 |    : _data(0), _capacity(size), _size(size), _memPolicy(memPolicy), _isOpen(0) 
      |                                              ^~~~~~~~~~~~~~~~~~~~   ~~~~~~~~~
      |                                              _isOpen(0              _memPolicy(memPolicy
./NuclearData.hh:80:6: note: in instantiation of member function 'qs_vector<NuclearDataSpecies>::qs_vector' requested here
   80 |    : _species(1,VAR_MEM){}
      |      ^
In file included from main.cc:5:
In file included from ./MonteCarlo.hh:6:
./QS_Vector.hh:16:52: warning: field '_memPolicy' will be initialized after field '_isOpen' [-Wreorder-ctor]
   16 |    qs_vector() : _data(0), _capacity(0), _size(0), _memPolicy(MemoryControl::AllocationPolicy::HOST_MEM), _isOpen(0) {};
      |                                                    ^~~~~~~~~~~~~~~~~~~~~~~~~~~~~~~~~~~~~~~~~~~~~~~~~~~~   ~~~~~~~~~
      |                                                    _isOpen(0                                              _memPolicy(MemoryControl::AllocationPolicy::HOST_MEM
./NuclearData.hh:64:7: note: in instantiation of member function 'qs_vector<NuclearDataReaction>::qs_vector' requested here
   64 | class NuclearDataSpecies
      |       ^
./QS_Vector.hh:21:30: note: in instantiation of function template specialization 'MemoryControl::allocate<NuclearDataSpecies>' requested here
   21 |       _data = MemoryControl::allocate<T>(size, memPolicy);
      |                              ^
./NuclearData.hh:80:6: note: in instantiation of member function 'qs_vector<NuclearDataSpecies>::qs_vector' requested here
   80 |    : _species(1,VAR_MEM){}
      |      ^
In file included from main.cc:5:
In file included from ./MonteCarlo.hh:6:
./QS_Vector.hh:16:52: warning: field '_memPolicy' will be initialized after field '_isOpen' [-Wreorder-ctor]
   16 |    qs_vector() : _data(0), _capacity(0), _size(0), _memPolicy(MemoryControl::AllocationPolicy::HOST_MEM), _isOpen(0) {};
      |                                                    ^~~~~~~~~~~~~~~~~~~~~~~~~~~~~~~~~~~~~~~~~~~~~~~~~~~~   ~~~~~~~~~
      |                                                    _isOpen(0                                              _memPolicy(MemoryControl::AllocationPolicy::HOST_MEM
./Tallies.hh:175:23: note: in instantiation of member function 'qs_vector<ScalarFluxCell>::qs_vector' requested here
  175 |    ScalarFluxTask() : _cell() {}
      |                       ^
In file included from main.cc:5:
In file included from ./MonteCarlo.hh:6:
./QS_Vector.hh:16:52: warning: field '_memPolicy' will be initialized after field '_isOpen' [-Wreorder-ctor]
   16 |    qs_vector() : _data(0), _capacity(0), _size(0), _memPolicy(MemoryControl::AllocationPolicy::HOST_MEM), _isOpen(0) {};
      |                                                    ^~~~~~~~~~~~~~~~~~~~~~~~~~~~~~~~~~~~~~~~~~~~~~~~~~~~   ~~~~~~~~~
      |                                                    _isOpen(0                                              _memPolicy(MemoryControl::AllocationPolicy::HOST_MEM
./Tallies.hh:226:24: note: in instantiation of member function 'qs_vector<CellTallyTask>::qs_vector' requested here
  226 |    CellTallyDomain() : _task() {}
      |                        ^
In file included from main.cc:5:
In file included from ./MonteCarlo.hh:6:
./QS_Vector.hh:35:58: warning: field '_memPolicy' will be initialized after field '_isOpen' [-Wreorder-ctor]
   35 |    : _data(0), _capacity(aa._capacity), _size(aa._size), _memPolicy(aa._memPolicy), _isOpen(aa._isOpen)
      |                                                          ^~~~~~~~~~~~~~~~~~~~~~~~   ~~~~~~~~~~~~~~~~~~
      |                                                          _isOpen(aa._isOpen         _memPolicy(aa._memPolicy
./QS_Vector.hh:63:23: note: in instantiation of member function 'qs_vector<long double>::qs_vector' requested here
   63 |          qs_vector<T> temp(aa);
      |                       ^
./Tallies.hh:128:7: note: in instantiation of member function 'qs_vector<long double>::operator=' requested here
  128 | class CellTallyTask
      |       ^
./Tallies.hh:238:17: note: in instantiation of member function 'qs_vector<CellTallyTask>::push_back' requested here
  238 |           _task.push_back(CellTallyTask(domain));
      |                 ^
In file included from main.cc:5:
In file included from ./MonteCarlo.hh:6:
./QS_Vector.hh:16:52: warning: field '_memPolicy' will be initialized after field '_isOpen' [-Wreorder-ctor]
   16 |    qs_vector() : _data(0), _capacity(0), _size(0), _memPolicy(MemoryControl::AllocationPolicy::HOST_MEM), _isOpen(0) {};
      |                                                    ^~~~~~~~~~~~~~~~~~~~~~~~~~~~~~~~~~~~~~~~~~~~~~~~~~~~   ~~~~~~~~~
      |                                                    _isOpen(0                                              _memPolicy(MemoryControl::AllocationPolicy::HOST_MEM
./Tallies.hh:251:25: note: in instantiation of member function 'qs_vector<ScalarFluxTask>::qs_vector' requested here
  251 |    ScalarFluxDomain() : _task() {}
      |                         ^
In file included from main.cc:5:
In file included from ./MonteCarlo.hh:6:
./QS_Vector.hh:35:58: warning: field '_memPolicy' will be initialized after field '_isOpen' [-Wreorder-ctor]
   35 |    : _data(0), _capacity(aa._capacity), _size(aa._size), _memPolicy(aa._memPolicy), _isOpen(aa._isOpen)
      |                                                          ^~~~~~~~~~~~~~~~~~~~~~~~   ~~~~~~~~~~~~~~~~~~
      |                                                          _isOpen(aa._isOpen         _memPolicy(aa._memPolicy
./QS_Vector.hh:63:23: note: in instantiation of member function 'qs_vector<ScalarFluxCell>::qs_vector' requested here
   63 |          qs_vector<T> temp(aa);
      |                       ^
./Tallies.hh:169:7: note: in instantiation of member function 'qs_vector<ScalarFluxCell>::operator=' requested here
  169 | class ScalarFluxTask
      |       ^
./Tallies.hh:263:17: note: in instantiation of member function 'qs_vector<ScalarFluxTask>::push_back' requested here
  263 |           _task.push_back(ScalarFluxTask(domain, numGroups));
      |                 ^
In file included from main.cc:5:
In file included from ./MonteCarlo.hh:6:
./QS_Vector.hh:16:52: warning: field '_memPolicy' will be initialized after field '_isOpen' [-Wreorder-ctor]
   16 |    qs_vector() : _data(0), _capacity(0), _size(0), _memPolicy(MemoryControl::AllocationPolicy::HOST_MEM), _isOpen(0) {};
      |                                                    ^~~~~~~~~~~~~~~~~~~~~~~~~~~~~~~~~~~~~~~~~~~~~~~~~~~~   ~~~~~~~~~
      |                                                    _isOpen(0                                              _memPolicy(MemoryControl::AllocationPolicy::HOST_MEM
./Tallies.hh:314:31: note: in instantiation of member function 'qs_vector<Balance>::qs_vector' requested here
  314 |       : _balanceCumulative(), _balanceTask(),
      |                               ^
In file included from main.cc:5:
In file included from ./MonteCarlo.hh:6:
./QS_Vector.hh:16:52: warning: field '_memPolicy' will be initialized after field '_isOpen' [-Wreorder-ctor]
   16 |    qs_vector() : _data(0), _capacity(0), _size(0), _memPolicy(MemoryControl::AllocationPolicy::HOST_MEM), _isOpen(0) {};
      |                                                    ^~~~~~~~~~~~~~~~~~~~~~~~~~~~~~~~~~~~~~~~~~~~~~~~~~~~   ~~~~~~~~~
      |                                                    _isOpen(0                                              _memPolicy(MemoryControl::AllocationPolicy::HOST_MEM
./Tallies.hh:315:9: note: in instantiation of member function 'qs_vector<ScalarFluxDomain>::qs_vector' requested here
  315 |         _scalarFluxDomain(), _num_balance_replications(balRep), 
      |         ^
In file included from main.cc:5:
In file included from ./MonteCarlo.hh:6:
./QS_Vector.hh:16:52: warning: field '_memPolicy' will be initialized after field '_isOpen' [-Wreorder-ctor]
   16 |    qs_vector() : _data(0), _capacity(0), _size(0), _memPolicy(MemoryControl::AllocationPolicy::HOST_MEM), _isOpen(0) {};
      |                                                    ^~~~~~~~~~~~~~~~~~~~~~~~~~~~~~~~~~~~~~~~~~~~~~~~~~~~   ~~~~~~~~~
      |                                                    _isOpen(0                                              _memPolicy(MemoryControl::AllocationPolicy::HOST_MEM
./Tallies.hh:313:5: note: in instantiation of member function 'qs_vector<CellTallyDomain>::qs_vector' requested here
  313 |     Tallies( int balRep, int fluxRep, int cellRep, std::string spectrumName, int spectrumSize )
      |     ^
23 warnings generated.
clang++ -DQS_LD  -std=c++11 -g -O0 -include cstdint -Wformat -Wall -c parseUtils.cc -o parseUtils.o
clang++ -DQS_LD  -std=c++11 -g -O0 -include cstdint -Wformat -Wall -c utils.cc -o utils.o
In file included from utils.cc:9:
In file included from ./MonteCarlo.hh:8:
./Parameters.hh:104:6: warning: field 'boundaryCondition' will be initialized after field 'energySpectrum' [-Wreorder-ctor]
  103 |      crossSectionsOut(""),
      |      ~~~~~~~~~~~~~~~~~~~~
      |      energySpectrum("")
  104 |      boundaryCondition("reflect"),
      |      ^~~~~~~~~~~~~~~~~~~~~~~~~~~~
      |      crossSectionsOut("")
  105 |      energySpectrum(""),
      |      ~~~~~~~~~~~~~~~~~~
      |      boundaryCondition("reflect")
./Parameters.hh:171:1: warning: 'Parameters' defined as a struct here but previously declared as a class; this is valid, but may result in linker errors under the Microsoft C++ ABI [-Wmismatched-tags]
  171 | struct Parameters
      | ^
./MC_Domain.hh:14:1: note: did you mean struct here?
   14 | class Parameters;
      | ^~~~~
      | struct
In file included from utils.cc:11:
./MC_Processor_Info.hh:18:7: warning: field 'comm_mc_world' will be initialized after field 'use_gpu' [-Wreorder-ctor]
   18 |     : comm_mc_world(MPI_COMM_WORLD),
      |       ^~~~~~~~~~~~~~~~~~~~~~~~~~~~~
      |       use_gpu(0)
   19 |       use_gpu(0),
      |       ~~~~~~~~~~
      |       gpu_id(0)
   20 |       gpu_id(0)
      |       ~~~~~~~~~
      |       comm_mc_world(MPI_COMM_WORLD)
In file included from utils.cc:9:
In file included from ./MonteCarlo.hh:6:
./QS_Vector.hh:16:52: warning: field '_memPolicy' will be initialized after field '_isOpen' [-Wreorder-ctor]
   16 |    qs_vector() : _data(0), _capacity(0), _size(0), _memPolicy(MemoryControl::AllocationPolicy::HOST_MEM), _isOpen(0) {};
      |                                                    ^~~~~~~~~~~~~~~~~~~~~~~~~~~~~~~~~~~~~~~~~~~~~~~~~~~~   ~~~~~~~~~
      |                                                    _isOpen(0                                              _memPolicy(MemoryControl::AllocationPolicy::HOST_MEM
./MC_Domain.hh:46:4: note: in instantiation of member function 'qs_vector<int>::qs_vector' requested here
   46 |    MC_Mesh_Domain(){};
      |    ^
In file included from utils.cc:9:
In file included from ./MonteCarlo.hh:6:
./QS_Vector.hh:16:52: warning: field '_memPolicy' will be initialized after field '_isOpen' [-Wreorder-ctor]
   16 |    qs_vector() : _data(0), _capacity(0), _size(0), _memPolicy(MemoryControl::AllocationPolicy::HOST_MEM), _isOpen(0) {};
      |                                                    ^~~~~~~~~~~~~~~~~~~~~~~~~~~~~~~~~~~~~~~~~~~~~~~~~~~~   ~~~~~~~~~
      |                                                    _isOpen(0                                              _memPolicy(MemoryControl::AllocationPolicy::HOST_MEM
./MC_Domain.hh:46:4: note: in instantiation of member function 'qs_vector<MC_Vector>::qs_vector' requested here
   46 |    MC_Mesh_Domain(){};
      |    ^
In file included from utils.cc:9:
In file included from ./MonteCarlo.hh:6:
./QS_Vector.hh:16:52: warning: field '_memPolicy' will be initialized after field '_isOpen' [-Wreorder-ctor]
   16 |    qs_vector() : _data(0), _capacity(0), _size(0), _memPolicy(MemoryControl::AllocationPolicy::HOST_MEM), _isOpen(0) {};
      |                                                    ^~~~~~~~~~~~~~~~~~~~~~~~~~~~~~~~~~~~~~~~~~~~~~~~~~~~   ~~~~~~~~~
      |                                                    _isOpen(0                                              _memPolicy(MemoryControl::AllocationPolicy::HOST_MEM
./MC_Domain.hh:46:4: note: in instantiation of member function 'qs_vector<MC_Facet_Adjacency_Cell>::qs_vector' requested here
   46 |    MC_Mesh_Domain(){};
      |    ^
In file included from utils.cc:9:
In file included from ./MonteCarlo.hh:6:
./QS_Vector.hh:16:52: warning: field '_memPolicy' will be initialized after field '_isOpen' [-Wreorder-ctor]
   16 |    qs_vector() : _data(0), _capacity(0), _size(0), _memPolicy(MemoryControl::AllocationPolicy::HOST_MEM), _isOpen(0) {};
      |                                                    ^~~~~~~~~~~~~~~~~~~~~~~~~~~~~~~~~~~~~~~~~~~~~~~~~~~~   ~~~~~~~~~
      |                                                    _isOpen(0                                              _memPolicy(MemoryControl::AllocationPolicy::HOST_MEM
./MC_Domain.hh:46:4: note: in instantiation of member function 'qs_vector<MC_Facet_Geometry_Cell>::qs_vector' requested here
   46 |    MC_Mesh_Domain(){};
      |    ^
In file included from utils.cc:9:
In file included from ./MonteCarlo.hh:6:
./QS_Vector.hh:16:52: warning: field '_memPolicy' will be initialized after field '_isOpen' [-Wreorder-ctor]
   16 |    qs_vector() : _data(0), _capacity(0), _size(0), _memPolicy(MemoryControl::AllocationPolicy::HOST_MEM), _isOpen(0) {};
      |                                                    ^~~~~~~~~~~~~~~~~~~~~~~~~~~~~~~~~~~~~~~~~~~~~~~~~~~~   ~~~~~~~~~
      |                                                    _isOpen(0                                              _memPolicy(MemoryControl::AllocationPolicy::HOST_MEM
./MC_Domain.hh:73:5: note: in instantiation of member function 'qs_vector<MC_Cell_State>::qs_vector' requested here
   73 |     MC_Domain(){};
      |     ^
8 warnings generated.
clang++ -DQS_LD  -std=c++11 -g -O0 -include cstdint -Wformat -Wall -c utilsMpi.cc -o utilsMpi.o
In file included from utilsMpi.cc:8:
In file included from ./MonteCarlo.hh:8:
./Parameters.hh:104:6: warning: field 'boundaryCondition' will be initialized after field 'energySpectrum' [-Wreorder-ctor]
  103 |      crossSectionsOut(""),
      |      ~~~~~~~~~~~~~~~~~~~~
      |      energySpectrum("")
  104 |      boundaryCondition("reflect"),
      |      ^~~~~~~~~~~~~~~~~~~~~~~~~~~~
      |      crossSectionsOut("")
  105 |      energySpectrum(""),
      |      ~~~~~~~~~~~~~~~~~~
      |      boundaryCondition("reflect")
./Parameters.hh:171:1: warning: 'Parameters' defined as a struct here but previously declared as a class; this is valid, but may result in linker errors under the Microsoft C++ ABI [-Wmismatched-tags]
  171 | struct Parameters
      | ^
./MC_Domain.hh:14:1: note: did you mean struct here?
   14 | class Parameters;
      | ^~~~~
      | struct
In file included from utilsMpi.cc:9:
./MC_Processor_Info.hh:18:7: warning: field 'comm_mc_world' will be initialized after field 'use_gpu' [-Wreorder-ctor]
   18 |     : comm_mc_world(MPI_COMM_WORLD),
      |       ^~~~~~~~~~~~~~~~~~~~~~~~~~~~~
      |       use_gpu(0)
   19 |       use_gpu(0),
      |       ~~~~~~~~~~
      |       gpu_id(0)
   20 |       gpu_id(0)
      |       ~~~~~~~~~
      |       comm_mc_world(MPI_COMM_WORLD)
In file included from utilsMpi.cc:8:
In file included from ./MonteCarlo.hh:6:
./QS_Vector.hh:16:52: warning: field '_memPolicy' will be initialized after field '_isOpen' [-Wreorder-ctor]
   16 |    qs_vector() : _data(0), _capacity(0), _size(0), _memPolicy(MemoryControl::AllocationPolicy::HOST_MEM), _isOpen(0) {};
      |                                                    ^~~~~~~~~~~~~~~~~~~~~~~~~~~~~~~~~~~~~~~~~~~~~~~~~~~~   ~~~~~~~~~
      |                                                    _isOpen(0                                              _memPolicy(MemoryControl::AllocationPolicy::HOST_MEM
./MC_Domain.hh:46:4: note: in instantiation of member function 'qs_vector<int>::qs_vector' requested here
   46 |    MC_Mesh_Domain(){};
      |    ^
In file included from utilsMpi.cc:8:
In file included from ./MonteCarlo.hh:6:
./QS_Vector.hh:16:52: warning: field '_memPolicy' will be initialized after field '_isOpen' [-Wreorder-ctor]
   16 |    qs_vector() : _data(0), _capacity(0), _size(0), _memPolicy(MemoryControl::AllocationPolicy::HOST_MEM), _isOpen(0) {};
      |                                                    ^~~~~~~~~~~~~~~~~~~~~~~~~~~~~~~~~~~~~~~~~~~~~~~~~~~~   ~~~~~~~~~
      |                                                    _isOpen(0                                              _memPolicy(MemoryControl::AllocationPolicy::HOST_MEM
./MC_Domain.hh:46:4: note: in instantiation of member function 'qs_vector<MC_Vector>::qs_vector' requested here
   46 |    MC_Mesh_Domain(){};
      |    ^
In file included from utilsMpi.cc:8:
In file included from ./MonteCarlo.hh:6:
./QS_Vector.hh:16:52: warning: field '_memPolicy' will be initialized after field '_isOpen' [-Wreorder-ctor]
   16 |    qs_vector() : _data(0), _capacity(0), _size(0), _memPolicy(MemoryControl::AllocationPolicy::HOST_MEM), _isOpen(0) {};
      |                                                    ^~~~~~~~~~~~~~~~~~~~~~~~~~~~~~~~~~~~~~~~~~~~~~~~~~~~   ~~~~~~~~~
      |                                                    _isOpen(0                                              _memPolicy(MemoryControl::AllocationPolicy::HOST_MEM
./MC_Domain.hh:46:4: note: in instantiation of member function 'qs_vector<MC_Facet_Adjacency_Cell>::qs_vector' requested here
   46 |    MC_Mesh_Domain(){};
      |    ^
In file included from utilsMpi.cc:8:
In file included from ./MonteCarlo.hh:6:
./QS_Vector.hh:16:52: warning: field '_memPolicy' will be initialized after field '_isOpen' [-Wreorder-ctor]
   16 |    qs_vector() : _data(0), _capacity(0), _size(0), _memPolicy(MemoryControl::AllocationPolicy::HOST_MEM), _isOpen(0) {};
      |                                                    ^~~~~~~~~~~~~~~~~~~~~~~~~~~~~~~~~~~~~~~~~~~~~~~~~~~~   ~~~~~~~~~
      |                                                    _isOpen(0                                              _memPolicy(MemoryControl::AllocationPolicy::HOST_MEM
./MC_Domain.hh:46:4: note: in instantiation of member function 'qs_vector<MC_Facet_Geometry_Cell>::qs_vector' requested here
   46 |    MC_Mesh_Domain(){};
      |    ^
In file included from utilsMpi.cc:8:
In file included from ./MonteCarlo.hh:6:
./QS_Vector.hh:16:52: warning: field '_memPolicy' will be initialized after field '_isOpen' [-Wreorder-ctor]
   16 |    qs_vector() : _data(0), _capacity(0), _size(0), _memPolicy(MemoryControl::AllocationPolicy::HOST_MEM), _isOpen(0) {};
      |                                                    ^~~~~~~~~~~~~~~~~~~~~~~~~~~~~~~~~~~~~~~~~~~~~~~~~~~~   ~~~~~~~~~
      |                                                    _isOpen(0                                              _memPolicy(MemoryControl::AllocationPolicy::HOST_MEM
./MC_Domain.hh:73:5: note: in instantiation of member function 'qs_vector<MC_Cell_State>::qs_vector' requested here
   73 |     MC_Domain(){};
      |     ^
8 warnings generated.
clang++ -DQS_LD -std=c++11 -g -O0 -include cstdint -Wformat -Wall  -o qs CollisionEvent.o CoralBenchmark.o CycleTracking.o DecompositionObject.o DirectionCosine.o EnergySpectrum.o GlobalFccGrid.o GridAssignmentObject.o InputBlock.o MCT.o MC_Adjacent_Facet.o MC_Base_Particle.o MC_Domain.o MC_Facet_Crossing_Event.o MC_Fast_Timer.o MC_Load_Particle.o MC_Location.o MC_Particle_Buffer.o MC_RNG_State.o MC_Segment_Outcome.o MC_SourceNow.o MacroscopicCrossSection.o MeshPartition.o MonteCarlo.o MpiCommObject.o NuclearData.o Parameters.o ParticleVault.o ParticleVaultContainer.o PopulationControl.o SendQueue.o SharedMemoryCommObject.o Tallies.o cmdLineParser.o cudaFunctions.o initMC.o main.o parseUtils.o utils.o utilsMpi.o
